timestamp,timestamp_str,timestamp_utc,timestamp_et,time_et,hour_et,minute_et,open,high,low,close,volume
2025-07-02 00:00:00+00:00,2025-07-02 00:00:00+00:00,2025-07-02 00:00:00+00:00,2025-07-01 20:00:00-04:00,20:00:00,20,0,13.47,13.47,13.47,13.47,1290042.0
2025-07-02 00:01:00+00:00,2025-07-02 00:01:00+00:00,2025-07-02 00:01:00+00:00,2025-07-01 20:01:00-04:00,20:01:00,20,1,13.46,13.47,13.46,13.47,2019.0
2025-07-02 00:02:00+00:00,2025-07-02 00:02:00+00:00,2025-07-02 00:02:00+00:00,2025-07-01 20:02:00-04:00,20:02:00,20,2,13.47,13.47,13.47,13.47,2602.0
2025-07-02 00:04:00+00:00,2025-07-02 00:04:00+00:00,2025-07-02 00:04:00+00:00,2025-07-01 20:04:00-04:00,20:04:00,20,4,13.47,13.47,13.47,13.47,7791.0
2025-07-02 00:05:00+00:00,2025-07-02 00:05:00+00:00,2025-07-02 00:05:00+00:00,2025-07-01 20:05:00-04:00,20:05:00,20,5,13.47,13.47,13.47,13.47,168.0
2025-07-02 00:06:00+00:00,2025-07-02 00:06:00+00:00,2025-07-02 00:06:00+00:00,2025-07-01 20:06:00-04:00,20:06:00,20,6,13.47,13.4701,13.47,13.4701,278.0
2025-07-02 00:07:00+00:00,2025-07-02 00:07:00+00:00,2025-07-02 00:07:00+00:00,2025-07-01 20:07:00-04:00,20:07:00,20,7,13.47,13.49,13.47,13.48,4418.0
2025-07-02 00:08:00+00:00,2025-07-02 00:08:00+00:00,2025-07-02 00:08:00+00:00,2025-07-01 20:08:00-04:00,20:08:00,20,8,13.49,13.49,13.49,13.49,413.0
2025-07-02 00:10:00+00:00,2025-07-02 00:10:00+00:00,2025-07-02 00:10:00+00:00,2025-07-01 20:10:00-04:00,20:10:00,20,10,13.47,13.47,13.47,13.47,587.0
2025-07-02 00:12:00+00:00,2025-07-02 00:12:00+00:00,2025-07-02 00:12:00+00:00,2025-07-01 20:12:00-04:00,20:12:00,20,12,13.4602,13.4602,13.4602,13.4602,5013.0
2025-07-02 00:14:00+00:00,2025-07-02 00:14:00+00:00,2025-07-02 00:14:00+00:00,2025-07-01 20:14:00-04:00,20:14:00,20,14,13.48,13.4897,13.48,13.4897,409.0
2025-07-02 00:16:00+00:00,2025-07-02 00:16:00+00:00,2025-07-02 00:16:00+00:00,2025-07-01 20:16:00-04:00,20:16:00,20,16,13.46,13.46,13.46,13.46,5067.0
2025-07-02 00:22:00+00:00,2025-07-02 00:22:00+00:00,2025-07-02 00:22:00+00:00,2025-07-01 20:22:00-04:00,20:22:00,20,22,13.4505,13.4505,13.4505,13.4505,495.0
2025-07-02 00:25:00+00:00,2025-07-02 00:25:00+00:00,2025-07-02 00:25:00+00:00,2025-07-01 20:25:00-04:00,20:25:00,20,25,13.48,13.5,13.46,13.5,14357.0
2025-07-02 00:30:00+00:00,2025-07-02 00:30:00+00:00,2025-07-02 00:30:00+00:00,2025-07-01 20:30:00-04:00,20:30:00,20,30,13.4501,13.4501,13.4501,13.4501,1000.0
2025-07-02 00:31:00+00:00,2025-07-02 00:31:00+00:00,2025-07-02 00:31:00+00:00,2025-07-01 20:31:00-04:00,20:31:00,20,31,13.46,13.46,13.46,13.46,215.0
2025-07-02 00:36:00+00:00,2025-07-02 00:36:00+00:00,2025-07-02 00:36:00+00:00,2025-07-01 20:36:00-04:00,20:36:00,20,36,13.4501,13.4501,13.4501,13.4501,196.0
2025-07-02 00:42:00+00:00,2025-07-02 00:42:00+00:00,2025-07-02 00:42:00+00:00,2025-07-01 20:42:00-04:00,20:42:00,20,42,13.45,13.45,13.45,13.45,100.0
2025-07-02 00:44:00+00:00,2025-07-02 00:44:00+00:00,2025-07-02 00:44:00+00:00,2025-07-01 20:44:00-04:00,20:44:00,20,44,13.46,13.46,13.46,13.46,125.0
2025-07-02 00:45:00+00:00,2025-07-02 00:45:00+00:00,2025-07-02 00:45:00+00:00,2025-07-01 20:45:00-04:00,20:45:00,20,45,13.4695,13.4695,13.4695,13.4695,223.0
2025-07-02 00:47:00+00:00,2025-07-02 00:47:00+00:00,2025-07-02 00:47:00+00:00,2025-07-01 20:47:00-04:00,20:47:00,20,47,13.4698,13.4698,13.4698,13.4698,334.0
2025-07-02 00:48:00+00:00,2025-07-02 00:48:00+00:00,2025-07-02 00:48:00+00:00,2025-07-01 20:48:00-04:00,20:48:00,20,48,13.47,13.47,13.46,13.46,900.0
2025-07-02 00:49:00+00:00,2025-07-02 00:49:00+00:00,2025-07-02 00:49:00+00:00,2025-07-01 20:49:00-04:00,20:49:00,20,49,13.46,13.46,13.46,13.46,207.0
2025-07-02 00:50:00+00:00,2025-07-02 00:50:00+00:00,2025-07-02 00:50:00+00:00,2025-07-01 20:50:00-04:00,20:50:00,20,50,13.46,13.46,13.46,13.46,105.0
2025-07-02 00:51:00+00:00,2025-07-02 00:51:00+00:00,2025-07-02 00:51:00+00:00,2025-07-01 20:51:00-04:00,20:51:00,20,51,13.46,13.46,13.46,13.46,113.0
2025-07-02 00:52:00+00:00,2025-07-02 00:52:00+00:00,2025-07-02 00:52:00+00:00,2025-07-01 20:52:00-04:00,20:52:00,20,52,13.4602,13.4602,13.46,13.46,844.0
2025-07-02 00:53:00+00:00,2025-07-02 00:53:00+00:00,2025-07-02 00:53:00+00:00,2025-07-01 20:53:00-04:00,20:53:00,20,53,13.46,13.46,13.46,13.46,278.0
2025-07-02 00:55:00+00:00,2025-07-02 00:55:00+00:00,2025-07-02 00:55:00+00:00,2025-07-01 20:55:00-04:00,20:55:00,20,55,13.45,13.45,13.45,13.45,2004.0
2025-07-02 00:56:00+00:00,2025-07-02 00:56:00+00:00,2025-07-02 00:56:00+00:00,2025-07-01 20:56:00-04:00,20:56:00,20,56,13.46,13.46,13.46,13.46,185.0
2025-07-02 00:57:00+00:00,2025-07-02 00:57:00+00:00,2025-07-02 00:57:00+00:00,2025-07-01 20:57:00-04:00,20:57:00,20,57,13.45,13.45,13.45,13.45,1005.0
2025-07-02 00:58:00+00:00,2025-07-02 00:58:00+00:00,2025-07-02 00:58:00+00:00,2025-07-01 20:58:00-04:00,20:58:00,20,58,13.45,13.45,13.45,13.45,1020.0
2025-07-02 01:02:00+00:00,2025-07-02 01:02:00+00:00,2025-07-02 01:02:00+00:00,2025-07-01 21:02:00-04:00,21:02:00,21,2,13.45,13.45,13.45,13.45,470.0
2025-07-02 01:03:00+00:00,2025-07-02 01:03:00+00:00,2025-07-02 01:03:00+00:00,2025-07-01 21:03:00-04:00,21:03:00,21,3,13.4502,13.4502,13.4502,13.4502,5022.0
2025-07-02 01:05:00+00:00,2025-07-02 01:05:00+00:00,2025-07-02 01:05:00+00:00,2025-07-01 21:05:00-04:00,21:05:00,21,5,13.4502,13.4502,13.4502,13.4502,1076.0
2025-07-02 01:06:00+00:00,2025-07-02 01:06:00+00:00,2025-07-02 01:06:00+00:00,2025-07-01 21:06:00-04:00,21:06:00,21,6,13.4502,13.4502,13.4501,13.4502,604.0
2025-07-02 01:07:00+00:00,2025-07-02 01:07:00+00:00,2025-07-02 01:07:00+00:00,2025-07-01 21:07:00-04:00,21:07:00,21,7,13.46,13.46,13.46,13.46,172.0
2025-07-02 01:11:00+00:00,2025-07-02 01:11:00+00:00,2025-07-02 01:11:00+00:00,2025-07-01 21:11:00-04:00,21:11:00,21,11,13.46,13.46,13.46,13.46,201.0
2025-07-02 01:13:00+00:00,2025-07-02 01:13:00+00:00,2025-07-02 01:13:00+00:00,2025-07-01 21:13:00-04:00,21:13:00,21,13,13.45,13.45,13.45,13.45,355.0
2025-07-02 01:14:00+00:00,2025-07-02 01:14:00+00:00,2025-07-02 01:14:00+00:00,2025-07-01 21:14:00-04:00,21:14:00,21,14,13.46,13.46,13.46,13.46,296.0
2025-07-02 01:15:00+00:00,2025-07-02 01:15:00+00:00,2025-07-02 01:15:00+00:00,2025-07-01 21:15:00-04:00,21:15:00,21,15,13.4501,13.4501,13.4501,13.4501,642.0
2025-07-02 01:16:00+00:00,2025-07-02 01:16:00+00:00,2025-07-02 01:16:00+00:00,2025-07-01 21:16:00-04:00,21:16:00,21,16,13.46,13.46,13.46,13.46,128.0
2025-07-02 01:17:00+00:00,2025-07-02 01:17:00+00:00,2025-07-02 01:17:00+00:00,2025-07-01 21:17:00-04:00,21:17:00,21,17,13.46,13.46,13.46,13.46,180.0
2025-07-02 01:20:00+00:00,2025-07-02 01:20:00+00:00,2025-07-02 01:20:00+00:00,2025-07-01 21:20:00-04:00,21:20:00,21,20,13.48,13.48,13.48,13.48,408.0
2025-07-02 01:22:00+00:00,2025-07-02 01:22:00+00:00,2025-07-02 01:22:00+00:00,2025-07-01 21:22:00-04:00,21:22:00,21,22,13.48,13.48,13.48,13.48,596.0
2025-07-02 01:23:00+00:00,2025-07-02 01:23:00+00:00,2025-07-02 01:23:00+00:00,2025-07-01 21:23:00-04:00,21:23:00,21,23,13.47,13.47,13.47,13.47,400.0
2025-07-02 01:28:00+00:00,2025-07-02 01:28:00+00:00,2025-07-02 01:28:00+00:00,2025-07-01 21:28:00-04:00,21:28:00,21,28,13.48,13.48,13.48,13.48,105.0
2025-07-02 01:30:00+00:00,2025-07-02 01:30:00+00:00,2025-07-02 01:30:00+00:00,2025-07-01 21:30:00-04:00,21:30:00,21,30,13.47,13.47,13.47,13.47,624.0
2025-07-02 01:31:00+00:00,2025-07-02 01:31:00+00:00,2025-07-02 01:31:00+00:00,2025-07-01 21:31:00-04:00,21:31:00,21,31,13.47,13.47,13.47,13.47,151.0
2025-07-02 01:37:00+00:00,2025-07-02 01:37:00+00:00,2025-07-02 01:37:00+00:00,2025-07-01 21:37:00-04:00,21:37:00,21,37,13.4799,13.4799,13.4799,13.4799,103.0
2025-07-02 01:39:00+00:00,2025-07-02 01:39:00+00:00,2025-07-02 01:39:00+00:00,2025-07-01 21:39:00-04:00,21:39:00,21,39,13.47,13.47,13.47,13.47,201.0
2025-07-02 01:41:00+00:00,2025-07-02 01:41:00+00:00,2025-07-02 01:41:00+00:00,2025-07-01 21:41:00-04:00,21:41:00,21,41,13.47,13.47,13.47,13.47,153.0
2025-07-02 01:42:00+00:00,2025-07-02 01:42:00+00:00,2025-07-02 01:42:00+00:00,2025-07-01 21:42:00-04:00,21:42:00,21,42,13.47,13.47,13.47,13.47,100.0
2025-07-02 01:44:00+00:00,2025-07-02 01:44:00+00:00,2025-07-02 01:44:00+00:00,2025-07-01 21:44:00-04:00,21:44:00,21,44,13.48,13.48,13.48,13.48,100.0
2025-07-02 01:46:00+00:00,2025-07-02 01:46:00+00:00,2025-07-02 01:46:00+00:00,2025-07-01 21:46:00-04:00,21:46:00,21,46,13.4799,13.4799,13.4799,13.4799,193.0
2025-07-02 01:47:00+00:00,2025-07-02 01:47:00+00:00,2025-07-02 01:47:00+00:00,2025-07-01 21:47:00-04:00,21:47:00,21,47,13.48,13.48,13.4799,13.4799,695.0
2025-07-02 01:49:00+00:00,2025-07-02 01:49:00+00:00,2025-07-02 01:49:00+00:00,2025-07-01 21:49:00-04:00,21:49:00,21,49,13.4701,13.4701,13.4701,13.4701,418.0
2025-07-02 01:52:00+00:00,2025-07-02 01:52:00+00:00,2025-07-02 01:52:00+00:00,2025-07-01 21:52:00-04:00,21:52:00,21,52,13.48,13.48,13.48,13.48,131.0
2025-07-02 01:59:00+00:00,2025-07-02 01:59:00+00:00,2025-07-02 01:59:00+00:00,2025-07-01 21:59:00-04:00,21:59:00,21,59,13.4701,13.4701,13.4701,13.4701,161.0
2025-07-02 02:04:00+00:00,2025-07-02 02:04:00+00:00,2025-07-02 02:04:00+00:00,2025-07-01 22:04:00-04:00,22:04:00,22,4,13.47,13.4798,13.47,13.47,361.0
2025-07-02 02:05:00+00:00,2025-07-02 02:05:00+00:00,2025-07-02 02:05:00+00:00,2025-07-01 22:05:00-04:00,22:05:00,22,5,13.48,13.48,13.48,13.48,375.0
2025-07-02 02:07:00+00:00,2025-07-02 02:07:00+00:00,2025-07-02 02:07:00+00:00,2025-07-01 22:07:00-04:00,22:07:00,22,7,13.48,13.48,13.4799,13.48,435.0
2025-07-02 02:09:00+00:00,2025-07-02 02:09:00+00:00,2025-07-02 02:09:00+00:00,2025-07-01 22:09:00-04:00,22:09:00,22,9,13.47,13.48,13.47,13.48,395.0
2025-07-02 02:10:00+00:00,2025-07-02 02:10:00+00:00,2025-07-02 02:10:00+00:00,2025-07-01 22:10:00-04:00,22:10:00,22,10,13.47,13.48,13.47,13.4799,311.0
2025-07-02 02:11:00+00:00,2025-07-02 02:11:00+00:00,2025-07-02 02:11:00+00:00,2025-07-01 22:11:00-04:00,22:11:00,22,11,13.47,13.48,13.47,13.47,410.0
2025-07-02 02:13:00+00:00,2025-07-02 02:13:00+00:00,2025-07-02 02:13:00+00:00,2025-07-01 22:13:00-04:00,22:13:00,22,13,13.47,13.47,13.47,13.47,733.0
2025-07-02 02:14:00+00:00,2025-07-02 02:14:00+00:00,2025-07-02 02:14:00+00:00,2025-07-01 22:14:00-04:00,22:14:00,22,14,13.4514,13.4514,13.4514,13.4514,315.0
2025-07-02 02:18:00+00:00,2025-07-02 02:18:00+00:00,2025-07-02 02:18:00+00:00,2025-07-01 22:18:00-04:00,22:18:00,22,18,13.47,13.47,13.4699,13.4699,402.0
2025-07-02 02:23:00+00:00,2025-07-02 02:23:00+00:00,2025-07-02 02:23:00+00:00,2025-07-01 22:23:00-04:00,22:23:00,22,23,13.4542,13.4542,13.4542,13.4542,114.0
2025-07-02 02:24:00+00:00,2025-07-02 02:24:00+00:00,2025-07-02 02:24:00+00:00,2025-07-01 22:24:00-04:00,22:24:00,22,24,13.47,13.47,13.47,13.47,327.0
2025-07-02 02:27:00+00:00,2025-07-02 02:27:00+00:00,2025-07-02 02:27:00+00:00,2025-07-01 22:27:00-04:00,22:27:00,22,27,13.45,13.45,13.45,13.45,2030.0
2025-07-02 02:41:00+00:00,2025-07-02 02:41:00+00:00,2025-07-02 02:41:00+00:00,2025-07-01 22:41:00-04:00,22:41:00,22,41,13.4507,13.4507,13.4507,13.4507,128.0
2025-07-02 02:42:00+00:00,2025-07-02 02:42:00+00:00,2025-07-02 02:42:00+00:00,2025-07-01 22:42:00-04:00,22:42:00,22,42,13.4693,13.4693,13.4504,13.4504,465.0
2025-07-02 02:44:00+00:00,2025-07-02 02:44:00+00:00,2025-07-02 02:44:00+00:00,2025-07-01 22:44:00-04:00,22:44:00,22,44,13.47,13.47,13.4699,13.4699,2010.0
2025-07-02 02:46:00+00:00,2025-07-02 02:46:00+00:00,2025-07-02 02:46:00+00:00,2025-07-01 22:46:00-04:00,22:46:00,22,46,13.4501,13.4501,13.4501,13.4501,102.0
2025-07-02 02:48:00+00:00,2025-07-02 02:48:00+00:00,2025-07-02 02:48:00+00:00,2025-07-01 22:48:00-04:00,22:48:00,22,48,13.4501,13.4501,13.4501,13.4501,100.0
2025-07-02 02:49:00+00:00,2025-07-02 02:49:00+00:00,2025-07-02 02:49:00+00:00,2025-07-01 22:49:00-04:00,22:49:00,22,49,13.45,13.45,13.45,13.45,308.0
2025-07-02 02:51:00+00:00,2025-07-02 02:51:00+00:00,2025-07-02 02:51:00+00:00,2025-07-01 22:51:00-04:00,22:51:00,22,51,13.47,13.47,13.47,13.47,204.0
2025-07-02 02:59:00+00:00,2025-07-02 02:59:00+00:00,2025-07-02 02:59:00+00:00,2025-07-01 22:59:00-04:00,22:59:00,22,59,13.4501,13.4501,13.4501,13.4501,101.0
2025-07-02 03:00:00+00:00,2025-07-02 03:00:00+00:00,2025-07-02 03:00:00+00:00,2025-07-01 23:00:00-04:00,23:00:00,23,0,13.4501,13.4501,13.4501,13.4501,240.0
2025-07-02 03:05:00+00:00,2025-07-02 03:05:00+00:00,2025-07-02 03:05:00+00:00,2025-07-01 23:05:00-04:00,23:05:00,23,5,13.46,13.46,13.46,13.46,2617.0
2025-07-02 03:07:00+00:00,2025-07-02 03:07:00+00:00,2025-07-02 03:07:00+00:00,2025-07-01 23:07:00-04:00,23:07:00,23,7,13.4505,13.4505,13.4502,13.4502,965.0
2025-07-02 03:12:00+00:00,2025-07-02 03:12:00+00:00,2025-07-02 03:12:00+00:00,2025-07-01 23:12:00-04:00,23:12:00,23,12,13.4506,13.4506,13.45,13.45,376.0
2025-07-02 03:15:00+00:00,2025-07-02 03:15:00+00:00,2025-07-02 03:15:00+00:00,2025-07-01 23:15:00-04:00,23:15:00,23,15,13.47,13.47,13.47,13.47,269.0
2025-07-02 03:18:00+00:00,2025-07-02 03:18:00+00:00,2025-07-02 03:18:00+00:00,2025-07-01 23:18:00-04:00,23:18:00,23,18,13.46,13.46,13.46,13.46,701.0
2025-07-02 03:25:00+00:00,2025-07-02 03:25:00+00:00,2025-07-02 03:25:00+00:00,2025-07-01 23:25:00-04:00,23:25:00,23,25,13.47,13.47,13.4699,13.4699,766.0
2025-07-02 03:27:00+00:00,2025-07-02 03:27:00+00:00,2025-07-02 03:27:00+00:00,2025-07-01 23:27:00-04:00,23:27:00,23,27,13.45,13.45,13.45,13.45,3500.0
2025-07-02 03:31:00+00:00,2025-07-02 03:31:00+00:00,2025-07-02 03:31:00+00:00,2025-07-01 23:31:00-04:00,23:31:00,23,31,13.47,13.47,13.47,13.47,337.0
2025-07-02 03:32:00+00:00,2025-07-02 03:32:00+00:00,2025-07-02 03:32:00+00:00,2025-07-01 23:32:00-04:00,23:32:00,23,32,13.45,13.45,13.45,13.45,316.0
2025-07-02 03:34:00+00:00,2025-07-02 03:34:00+00:00,2025-07-02 03:34:00+00:00,2025-07-01 23:34:00-04:00,23:34:00,23,34,13.46,13.46,13.46,13.46,155.0
2025-07-02 03:36:00+00:00,2025-07-02 03:36:00+00:00,2025-07-02 03:36:00+00:00,2025-07-01 23:36:00-04:00,23:36:00,23,36,13.47,13.4998,13.47,13.4998,787.0
2025-07-02 03:41:00+00:00,2025-07-02 03:41:00+00:00,2025-07-02 03:41:00+00:00,2025-07-01 23:41:00-04:00,23:41:00,23,41,13.4993,13.4993,13.4993,13.4993,199.0
2025-07-02 03:46:00+00:00,2025-07-02 03:46:00+00:00,2025-07-02 03:46:00+00:00,2025-07-01 23:46:00-04:00,23:46:00,23,46,13.4501,13.4501,13.4501,13.4501,200.0
2025-07-02 03:48:00+00:00,2025-07-02 03:48:00+00:00,2025-07-02 03:48:00+00:00,2025-07-01 23:48:00-04:00,23:48:00,23,48,13.45,13.45,13.45,13.45,233.0
2025-07-02 03:51:00+00:00,2025-07-02 03:51:00+00:00,2025-07-02 03:51:00+00:00,2025-07-01 23:51:00-04:00,23:51:00,23,51,13.45,13.45,13.45,13.45,884.0
2025-07-02 03:52:00+00:00,2025-07-02 03:52:00+00:00,2025-07-02 03:52:00+00:00,2025-07-01 23:52:00-04:00,23:52:00,23,52,13.4501,13.4501,13.4501,13.4501,100.0
2025-07-02 03:54:00+00:00,2025-07-02 03:54:00+00:00,2025-07-02 03:54:00+00:00,2025-07-01 23:54:00-04:00,23:54:00,23,54,13.4999,13.4999,13.4999,13.4999,1001.0
2025-07-02 03:56:00+00:00,2025-07-02 03:56:00+00:00,2025-07-02 03:56:00+00:00,2025-07-01 23:56:00-04:00,23:56:00,23,56,13.4501,13.47,13.4501,13.4699,6497.0
2025-07-02 03:57:00+00:00,2025-07-02 03:57:00+00:00,2025-07-02 03:57:00+00:00,2025-07-01 23:57:00-04:00,23:57:00,23,57,13.47,13.47,13.47,13.47,390.0
2025-07-02 03:59:00+00:00,2025-07-02 03:59:00+00:00,2025-07-02 03:59:00+00:00,2025-07-01 23:59:00-04:00,23:59:00,23,59,13.5,13.5,13.5,13.5,1140.0
2025-07-02 12:00:00+00:00,2025-07-02 12:00:00+00:00,2025-07-02 12:00:00+00:00,2025-07-02 08:00:00-04:00,08:00:00,8,0,13.51,13.51,13.51,13.51,697.0
2025-07-02 12:01:00+00:00,2025-07-02 12:01:00+00:00,2025-07-02 12:01:00+00:00,2025-07-02 08:01:00-04:00,08:01:00,8,1,13.51,13.51,13.51,13.51,499.0
2025-07-02 12:05:00+00:00,2025-07-02 12:05:00+00:00,2025-07-02 12:05:00+00:00,2025-07-02 08:05:00-04:00,08:05:00,8,5,13.5,13.5,13.5,13.5,1694.0
2025-07-02 12:15:00+00:00,2025-07-02 12:15:00+00:00,2025-07-02 12:15:00+00:00,2025-07-02 08:15:00-04:00,08:15:00,8,15,13.5,13.5,13.5,13.5,292.0
2025-07-02 12:17:00+00:00,2025-07-02 12:17:00+00:00,2025-07-02 12:17:00+00:00,2025-07-02 08:17:00-04:00,08:17:00,8,17,13.5,13.5,13.5,13.5,463.0
2025-07-02 12:23:00+00:00,2025-07-02 12:23:00+00:00,2025-07-02 12:23:00+00:00,2025-07-02 08:23:00-04:00,08:23:00,8,23,13.5,13.5,13.48,13.5,2584.0
2025-07-02 12:28:00+00:00,2025-07-02 12:28:00+00:00,2025-07-02 12:28:00+00:00,2025-07-02 08:28:00-04:00,08:28:00,8,28,13.49,13.49,13.48,13.48,572.0
2025-07-02 12:32:00+00:00,2025-07-02 12:32:00+00:00,2025-07-02 12:32:00+00:00,2025-07-02 08:32:00-04:00,08:32:00,8,32,13.48,13.48,13.48,13.48,386.0
2025-07-02 12:41:00+00:00,2025-07-02 12:41:00+00:00,2025-07-02 12:41:00+00:00,2025-07-02 08:41:00-04:00,08:41:00,8,41,13.48,13.48,13.48,13.48,1072.0
2025-07-02 12:46:00+00:00,2025-07-02 12:46:00+00:00,2025-07-02 12:46:00+00:00,2025-07-02 08:46:00-04:00,08:46:00,8,46,13.48,13.48,13.48,13.48,320.0
2025-07-02 12:49:00+00:00,2025-07-02 12:49:00+00:00,2025-07-02 12:49:00+00:00,2025-07-02 08:49:00-04:00,08:49:00,8,49,13.48,13.48,13.48,13.48,371.0
2025-07-02 13:02:00+00:00,2025-07-02 13:02:00+00:00,2025-07-02 13:02:00+00:00,2025-07-02 09:02:00-04:00,09:02:00,9,2,13.49,13.49,13.49,13.49,491.0
2025-07-02 13:04:00+00:00,2025-07-02 13:04:00+00:00,2025-07-02 13:04:00+00:00,2025-07-02 09:04:00-04:00,09:04:00,9,4,13.49,13.49,13.47,13.47,1418.0
2025-07-02 13:16:00+00:00,2025-07-02 13:16:00+00:00,2025-07-02 13:16:00+00:00,2025-07-02 09:16:00-04:00,09:16:00,9,16,13.48,13.48,13.48,13.48,100.0
2025-07-02 13:22:00+00:00,2025-07-02 13:22:00+00:00,2025-07-02 13:22:00+00:00,2025-07-02 09:22:00-04:00,09:22:00,9,22,13.49,13.49,13.48,13.48,6554.0
2025-07-02 13:23:00+00:00,2025-07-02 13:23:00+00:00,2025-07-02 13:23:00+00:00,2025-07-02 09:23:00-04:00,09:23:00,9,23,13.49,13.49,13.49,13.49,300.0
2025-07-02 13:34:00+00:00,2025-07-02 13:34:00+00:00,2025-07-02 13:34:00+00:00,2025-07-02 09:34:00-04:00,09:34:00,9,34,13.48,13.48,13.48,13.48,1072.0
2025-07-02 13:35:00+00:00,2025-07-02 13:35:00+00:00,2025-07-02 13:35:00+00:00,2025-07-02 09:35:00-04:00,09:35:00,9,35,13.47,13.47,13.47,13.47,108.0
2025-07-02 13:36:00+00:00,2025-07-02 13:36:00+00:00,2025-07-02 13:36:00+00:00,2025-07-02 09:36:00-04:00,09:36:00,9,36,13.49,13.49,13.49,13.49,100.0
2025-07-02 13:59:00+00:00,2025-07-02 13:59:00+00:00,2025-07-02 13:59:00+00:00,2025-07-02 09:59:00-04:00,09:59:00,9,59,13.49,13.49,13.49,13.49,2418.0
2025-07-02 14:04:00+00:00,2025-07-02 14:04:00+00:00,2025-07-02 14:04:00+00:00,2025-07-02 10:04:00-04:00,10:04:00,10,4,13.49,13.49,13.49,13.49,555.0
2025-07-02 14:14:00+00:00,2025-07-02 14:14:00+00:00,2025-07-02 14:14:00+00:00,2025-07-02 10:14:00-04:00,10:14:00,10,14,13.49,13.49,13.49,13.49,4555.0
2025-07-02 14:17:00+00:00,2025-07-02 14:17:00+00:00,2025-07-02 14:17:00+00:00,2025-07-02 10:17:00-04:00,10:17:00,10,17,13.51,13.51,13.51,13.51,133.0
2025-07-02 14:21:00+00:00,2025-07-02 14:21:00+00:00,2025-07-02 14:21:00+00:00,2025-07-02 10:21:00-04:00,10:21:00,10,21,13.51,13.51,13.51,13.51,110.0
2025-07-02 14:36:00+00:00,2025-07-02 14:36:00+00:00,2025-07-02 14:36:00+00:00,2025-07-02 10:36:00-04:00,10:36:00,10,36,13.52,13.52,13.51,13.51,949.0
2025-07-02 14:39:00+00:00,2025-07-02 14:39:00+00:00,2025-07-02 14:39:00+00:00,2025-07-02 10:39:00-04:00,10:39:00,10,39,13.51,13.51,13.51,13.51,100.0
2025-07-02 14:40:00+00:00,2025-07-02 14:40:00+00:00,2025-07-02 14:40:00+00:00,2025-07-02 10:40:00-04:00,10:40:00,10,40,13.51,13.51,13.51,13.51,200.0
2025-07-02 14:45:00+00:00,2025-07-02 14:45:00+00:00,2025-07-02 14:45:00+00:00,2025-07-02 10:45:00-04:00,10:45:00,10,45,13.52,13.52,13.52,13.52,155.0
2025-07-02 14:47:00+00:00,2025-07-02 14:47:00+00:00,2025-07-02 14:47:00+00:00,2025-07-02 10:47:00-04:00,10:47:00,10,47,13.51,13.51,13.5,13.5,2000.0
2025-07-02 14:48:00+00:00,2025-07-02 14:48:00+00:00,2025-07-02 14:48:00+00:00,2025-07-02 10:48:00-04:00,10:48:00,10,48,13.51,13.51,13.51,13.51,185.0
2025-07-02 14:56:00+00:00,2025-07-02 14:56:00+00:00,2025-07-02 14:56:00+00:00,2025-07-02 10:56:00-04:00,10:56:00,10,56,13.51,13.51,13.51,13.51,200.0
2025-07-02 15:00:00+00:00,2025-07-02 15:00:00+00:00,2025-07-02 15:00:00+00:00,2025-07-02 11:00:00-04:00,11:00:00,11,0,13.5,13.52,13.5,13.51,4138.0
2025-07-02 15:02:00+00:00,2025-07-02 15:02:00+00:00,2025-07-02 15:02:00+00:00,2025-07-02 11:02:00-04:00,11:02:00,11,2,13.53,13.53,13.53,13.53,429.0
2025-07-02 15:03:00+00:00,2025-07-02 15:03:00+00:00,2025-07-02 15:03:00+00:00,2025-07-02 11:03:00-04:00,11:03:00,11,3,13.53,13.53,13.53,13.53,189.0
2025-07-02 15:17:00+00:00,2025-07-02 15:17:00+00:00,2025-07-02 15:17:00+00:00,2025-07-02 11:17:00-04:00,11:17:00,11,17,13.54,13.54,13.54,13.54,1510.0
2025-07-02 15:23:00+00:00,2025-07-02 15:23:00+00:00,2025-07-02 15:23:00+00:00,2025-07-02 11:23:00-04:00,11:23:00,11,23,13.54,13.54,13.54,13.54,1697.0
2025-07-02 15:27:00+00:00,2025-07-02 15:27:00+00:00,2025-07-02 15:27:00+00:00,2025-07-02 11:27:00-04:00,11:27:00,11,27,13.54,13.54,13.54,13.54,125.0
2025-07-02 15:30:00+00:00,2025-07-02 15:30:00+00:00,2025-07-02 15:30:00+00:00,2025-07-02 11:30:00-04:00,11:30:00,11,30,13.54,13.54,13.54,13.54,500.0
2025-07-02 15:32:00+00:00,2025-07-02 15:32:00+00:00,2025-07-02 15:32:00+00:00,2025-07-02 11:32:00-04:00,11:32:00,11,32,13.54,13.55,13.54,13.55,1000.0
2025-07-02 15:42:00+00:00,2025-07-02 15:42:00+00:00,2025-07-02 15:42:00+00:00,2025-07-02 11:42:00-04:00,11:42:00,11,42,13.55,13.55,13.55,13.55,550.0
2025-07-02 15:46:00+00:00,2025-07-02 15:46:00+00:00,2025-07-02 15:46:00+00:00,2025-07-02 11:46:00-04:00,11:46:00,11,46,13.55,13.56,13.55,13.56,1788.0
2025-07-02 15:47:00+00:00,2025-07-02 15:47:00+00:00,2025-07-02 15:47:00+00:00,2025-07-02 11:47:00-04:00,11:47:00,11,47,13.55,13.55,13.55,13.55,3512.0
2025-07-02 15:50:00+00:00,2025-07-02 15:50:00+00:00,2025-07-02 15:50:00+00:00,2025-07-02 11:50:00-04:00,11:50:00,11,50,13.53,13.53,13.53,13.53,555.0
2025-07-02 15:55:00+00:00,2025-07-02 15:55:00+00:00,2025-07-02 15:55:00+00:00,2025-07-02 11:55:00-04:00,11:55:00,11,55,13.52,13.52,13.52,13.52,231.0
2025-07-02 15:56:00+00:00,2025-07-02 15:56:00+00:00,2025-07-02 15:56:00+00:00,2025-07-02 11:56:00-04:00,11:56:00,11,56,13.51,13.51,13.5,13.5,1050.0
2025-07-02 15:57:00+00:00,2025-07-02 15:57:00+00:00,2025-07-02 15:57:00+00:00,2025-07-02 11:57:00-04:00,11:57:00,11,57,13.51,13.515,13.51,13.51,1295.0
2025-07-02 15:58:00+00:00,2025-07-02 15:58:00+00:00,2025-07-02 15:58:00+00:00,2025-07-02 11:58:00-04:00,11:58:00,11,58,13.511,13.511,13.51,13.51,800.0
2025-07-02 16:00:00+00:00,2025-07-02 16:00:00+00:00,2025-07-02 16:00:00+00:00,2025-07-02 12:00:00-04:00,12:00:00,12,0,13.53,13.55,13.46,13.5099,59006.0
2025-07-02 16:02:00+00:00,2025-07-02 16:02:00+00:00,2025-07-02 16:02:00+00:00,2025-07-02 12:02:00-04:00,12:02:00,12,2,13.5,13.51,13.5,13.5,1952.0
2025-07-02 16:03:00+00:00,2025-07-02 16:03:00+00:00,2025-07-02 16:03:00+00:00,2025-07-02 12:03:00-04:00,12:03:00,12,3,13.5099,13.5099,13.5099,13.5099,328.0
2025-07-02 16:04:00+00:00,2025-07-02 16:04:00+00:00,2025-07-02 16:04:00+00:00,2025-07-02 12:04:00-04:00,12:04:00,12,4,13.5003,13.5003,13.5003,13.5003,9365.0
2025-07-02 16:05:00+00:00,2025-07-02 16:05:00+00:00,2025-07-02 16:05:00+00:00,2025-07-02 12:05:00-04:00,12:05:00,12,5,13.5099,13.51,13.5099,13.51,949.0
2025-07-02 16:06:00+00:00,2025-07-02 16:06:00+00:00,2025-07-02 16:06:00+00:00,2025-07-02 12:06:00-04:00,12:06:00,12,6,13.51,13.53,13.51,13.53,6453.0
2025-07-02 16:07:00+00:00,2025-07-02 16:07:00+00:00,2025-07-02 16:07:00+00:00,2025-07-02 12:07:00-04:00,12:07:00,12,7,13.52,13.52,13.52,13.52,1900.0
2025-07-02 16:08:00+00:00,2025-07-02 16:08:00+00:00,2025-07-02 16:08:00+00:00,2025-07-02 12:08:00-04:00,12:08:00,12,8,13.52,13.52,13.52,13.52,432.0
2025-07-02 16:13:00+00:00,2025-07-02 16:13:00+00:00,2025-07-02 16:13:00+00:00,2025-07-02 12:13:00-04:00,12:13:00,12,13,13.52,13.53,13.52,13.53,387.0
2025-07-02 16:14:00+00:00,2025-07-02 16:14:00+00:00,2025-07-02 16:14:00+00:00,2025-07-02 12:14:00-04:00,12:14:00,12,14,13.55,13.55,13.55,13.55,10041.0
2025-07-02 16:15:00+00:00,2025-07-02 16:15:00+00:00,2025-07-02 16:15:00+00:00,2025-07-02 12:15:00-04:00,12:15:00,12,15,13.5201,13.5201,13.52,13.52,3803.0
2025-07-02 16:18:00+00:00,2025-07-02 16:18:00+00:00,2025-07-02 16:18:00+00:00,2025-07-02 12:18:00-04:00,12:18:00,12,18,13.52,13.52,13.52,13.52,2000.0
2025-07-02 16:20:00+00:00,2025-07-02 16:20:00+00:00,2025-07-02 16:20:00+00:00,2025-07-02 12:20:00-04:00,12:20:00,12,20,13.5001,13.51,13.5,13.5,1221.0
2025-07-02 16:21:00+00:00,2025-07-02 16:21:00+00:00,2025-07-02 16:21:00+00:00,2025-07-02 12:21:00-04:00,12:21:00,12,21,13.51,13.51,13.51,13.51,2020.0
2025-07-02 16:22:00+00:00,2025-07-02 16:22:00+00:00,2025-07-02 16:22:00+00:00,2025-07-02 12:22:00-04:00,12:22:00,12,22,13.51,13.53,13.51,13.53,673.0
2025-07-02 16:23:00+00:00,2025-07-02 16:23:00+00:00,2025-07-02 16:23:00+00:00,2025-07-02 12:23:00-04:00,12:23:00,12,23,13.52,13.5299,13.52,13.5299,4618.0
2025-07-02 16:24:00+00:00,2025-07-02 16:24:00+00:00,2025-07-02 16:24:00+00:00,2025-07-02 12:24:00-04:00,12:24:00,12,24,13.51,13.52,13.5,13.5,4436.0
2025-07-02 16:25:00+00:00,2025-07-02 16:25:00+00:00,2025-07-02 16:25:00+00:00,2025-07-02 12:25:00-04:00,12:25:00,12,25,13.52,13.52,13.52,13.52,2315.0
2025-07-02 16:27:00+00:00,2025-07-02 16:27:00+00:00,2025-07-02 16:27:00+00:00,2025-07-02 12:27:00-04:00,12:27:00,12,27,13.52,13.53,13.52,13.53,1501.0
2025-07-02 16:28:00+00:00,2025-07-02 16:28:00+00:00,2025-07-02 16:28:00+00:00,2025-07-02 12:28:00-04:00,12:28:00,12,28,13.53,13.56,13.47,13.54,35442.0
2025-07-02 16:29:00+00:00,2025-07-02 16:29:00+00:00,2025-07-02 16:29:00+00:00,2025-07-02 12:29:00-04:00,12:29:00,12,29,13.53,14.09,13.53,13.65,256500.0
2025-07-02 16:30:00+00:00,2025-07-02 16:30:00+00:00,2025-07-02 16:30:00+00:00,2025-07-02 12:30:00-04:00,12:30:00,12,30,13.72,13.9,13.6201,13.66,97082.0
2025-07-02 16:31:00+00:00,2025-07-02 16:31:00+00:00,2025-07-02 16:31:00+00:00,2025-07-02 12:31:00-04:00,12:31:00,12,31,13.66,13.6698,13.46,13.64,60588.0
2025-07-02 16:32:00+00:00,2025-07-02 16:32:00+00:00,2025-07-02 16:32:00+00:00,2025-07-02 12:32:00-04:00,12:32:00,12,32,13.6,13.63,13.37,13.3701,33586.0
2025-07-02 16:33:00+00:00,2025-07-02 16:33:00+00:00,2025-07-02 16:33:00+00:00,2025-07-02 12:33:00-04:00,12:33:00,12,33,13.37,13.67,13.37,13.6495,90208.0
2025-07-02 16:34:00+00:00,2025-07-02 16:34:00+00:00,2025-07-02 16:34:00+00:00,2025-07-02 12:34:00-04:00,12:34:00,12,34,13.61,13.63,13.4301,13.51,18905.0
2025-07-02 16:35:00+00:00,2025-07-02 16:35:00+00:00,2025-07-02 16:35:00+00:00,2025-07-02 12:35:00-04:00,12:35:00,12,35,13.58,13.61,13.53,13.56,39149.0
2025-07-02 16:36:00+00:00,2025-07-02 16:36:00+00:00,2025-07-02 16:36:00+00:00,2025-07-02 12:36:00-04:00,12:36:00,12,36,13.54,13.55,13.4701,13.5,11889.0
2025-07-02 16:37:00+00:00,2025-07-02 16:37:00+00:00,2025-07-02 16:37:00+00:00,2025-07-02 12:37:00-04:00,12:37:00,12,37,13.5,13.52,13.3804,13.44,29423.0
2025-07-02 16:38:00+00:00,2025-07-02 16:38:00+00:00,2025-07-02 16:38:00+00:00,2025-07-02 12:38:00-04:00,12:38:00,12,38,13.4397,13.45,13.41,13.41,14944.0
2025-07-02 16:39:00+00:00,2025-07-02 16:39:00+00:00,2025-07-02 16:39:00+00:00,2025-07-02 12:39:00-04:00,12:39:00,12,39,13.41,13.44,13.41,13.44,12725.0
2025-07-02 16:40:00+00:00,2025-07-02 16:40:00+00:00,2025-07-02 16:40:00+00:00,2025-07-02 12:40:00-04:00,12:40:00,12,40,13.4399,13.44,13.42,13.44,5698.0
2025-07-02 16:41:00+00:00,2025-07-02 16:41:00+00:00,2025-07-02 16:41:00+00:00,2025-07-02 12:41:00-04:00,12:41:00,12,41,13.44,13.44,13.4301,13.44,6542.0
2025-07-02 16:42:00+00:00,2025-07-02 16:42:00+00:00,2025-07-02 16:42:00+00:00,2025-07-02 12:42:00-04:00,12:42:00,12,42,13.44,13.44,13.41,13.4299,7519.0
2025-07-02 16:43:00+00:00,2025-07-02 16:43:00+00:00,2025-07-02 16:43:00+00:00,2025-07-02 12:43:00-04:00,12:43:00,12,43,13.42,13.44,13.42,13.4399,1516.0
2025-07-02 16:44:00+00:00,2025-07-02 16:44:00+00:00,2025-07-02 16:44:00+00:00,2025-07-02 12:44:00-04:00,12:44:00,12,44,13.44,13.44,13.4399,13.44,1335.0
2025-07-02 16:45:00+00:00,2025-07-02 16:45:00+00:00,2025-07-02 16:45:00+00:00,2025-07-02 12:45:00-04:00,12:45:00,12,45,13.43,13.43,13.15,13.26,148717.0
2025-07-02 16:46:00+00:00,2025-07-02 16:46:00+00:00,2025-07-02 16:46:00+00:00,2025-07-02 12:46:00-04:00,12:46:00,12,46,13.28,13.37,13.27,13.3,10810.0
2025-07-02 16:47:00+00:00,2025-07-02 16:47:00+00:00,2025-07-02 16:47:00+00:00,2025-07-02 12:47:00-04:00,12:47:00,12,47,13.32,13.35,13.3,13.34,5318.0
2025-07-02 16:48:00+00:00,2025-07-02 16:48:00+00:00,2025-07-02 16:48:00+00:00,2025-07-02 12:48:00-04:00,12:48:00,12,48,13.35,13.39,13.31,13.34,12760.0
2025-07-02 16:49:00+00:00,2025-07-02 16:49:00+00:00,2025-07-02 16:49:00+00:00,2025-07-02 12:49:00-04:00,12:49:00,12,49,13.35,13.39,13.3,13.3899,16244.0
2025-07-02 16:50:00+00:00,2025-07-02 16:50:00+00:00,2025-07-02 16:50:00+00:00,2025-07-02 12:50:00-04:00,12:50:00,12,50,13.39,13.39,13.3301,13.3301,13431.0
2025-07-02 16:51:00+00:00,2025-07-02 16:51:00+00:00,2025-07-02 16:51:00+00:00,2025-07-02 12:51:00-04:00,12:51:00,12,51,13.33,13.38,13.33,13.38,2406.0
2025-07-02 16:52:00+00:00,2025-07-02 16:52:00+00:00,2025-07-02 16:52:00+00:00,2025-07-02 12:52:00-04:00,12:52:00,12,52,13.38,13.38,13.35,13.35,4859.0
2025-07-02 16:53:00+00:00,2025-07-02 16:53:00+00:00,2025-07-02 16:53:00+00:00,2025-07-02 12:53:00-04:00,12:53:00,12,53,13.36,13.3897,13.36,13.3897,3690.0
2025-07-02 16:54:00+00:00,2025-07-02 16:54:00+00:00,2025-07-02 16:54:00+00:00,2025-07-02 12:54:00-04:00,12:54:00,12,54,13.3801,13.4,13.37,13.37,13977.0
2025-07-02 16:55:00+00:00,2025-07-02 16:55:00+00:00,2025-07-02 16:55:00+00:00,2025-07-02 12:55:00-04:00,12:55:00,12,55,13.37,13.4,13.37,13.4,3248.0
2025-07-02 16:56:00+00:00,2025-07-02 16:56:00+00:00,2025-07-02 16:56:00+00:00,2025-07-02 12:56:00-04:00,12:56:00,12,56,13.3901,13.4,13.3901,13.4,5242.0
2025-07-02 16:57:00+00:00,2025-07-02 16:57:00+00:00,2025-07-02 16:57:00+00:00,2025-07-02 12:57:00-04:00,12:57:00,12,57,13.39,13.39,13.32,13.3401,22640.0
2025-07-02 16:58:00+00:00,2025-07-02 16:58:00+00:00,2025-07-02 16:58:00+00:00,2025-07-02 12:58:00-04:00,12:58:00,12,58,13.34,13.35,13.34,13.35,7282.0
2025-07-02 16:59:00+00:00,2025-07-02 16:59:00+00:00,2025-07-02 16:59:00+00:00,2025-07-02 12:59:00-04:00,12:59:00,12,59,13.35,13.3801,13.35,13.38,1196.0
2025-07-02 17:00:00+00:00,2025-07-02 17:00:00+00:00,2025-07-02 17:00:00+00:00,2025-07-02 13:00:00-04:00,13:00:00,13,0,13.38,13.39,13.38,13.3899,3485.0
2025-07-02 17:01:00+00:00,2025-07-02 17:01:00+00:00,2025-07-02 17:01:00+00:00,2025-07-02 13:01:00-04:00,13:01:00,13,1,13.3802,13.3802,13.3402,13.35,9534.0
2025-07-02 17:02:00+00:00,2025-07-02 17:02:00+00:00,2025-07-02 17:02:00+00:00,2025-07-02 13:02:00-04:00,13:02:00,13,2,13.35,13.4,13.35,13.3997,41466.0
2025-07-02 17:03:00+00:00,2025-07-02 17:03:00+00:00,2025-07-02 17:03:00+00:00,2025-07-02 13:03:00-04:00,13:03:00,13,3,13.4,13.4,13.3498,13.3498,32096.0
2025-07-02 17:04:00+00:00,2025-07-02 17:04:00+00:00,2025-07-02 17:04:00+00:00,2025-07-02 13:04:00-04:00,13:04:00,13,4,13.35,13.35,13.34,13.35,7322.0
2025-07-02 17:05:00+00:00,2025-07-02 17:05:00+00:00,2025-07-02 17:05:00+00:00,2025-07-02 13:05:00-04:00,13:05:00,13,5,13.35,13.36,13.33,13.33,19138.0
2025-07-02 17:06:00+00:00,2025-07-02 17:06:00+00:00,2025-07-02 17:06:00+00:00,2025-07-02 13:06:00-04:00,13:06:00,13,6,13.33,13.35,13.33,13.3401,23368.0
2025-07-02 17:07:00+00:00,2025-07-02 17:07:00+00:00,2025-07-02 17:07:00+00:00,2025-07-02 13:07:00-04:00,13:07:00,13,7,13.3401,13.35,13.34,13.34,2270.0
2025-07-02 17:08:00+00:00,2025-07-02 17:08:00+00:00,2025-07-02 17:08:00+00:00,2025-07-02 13:08:00-04:00,13:08:00,13,8,13.34,13.35,13.34,13.35,17077.0
2025-07-02 17:09:00+00:00,2025-07-02 17:09:00+00:00,2025-07-02 17:09:00+00:00,2025-07-02 13:09:00-04:00,13:09:00,13,9,13.35,13.35,13.35,13.35,8209.0
2025-07-02 17:10:00+00:00,2025-07-02 17:10:00+00:00,2025-07-02 17:10:00+00:00,2025-07-02 13:10:00-04:00,13:10:00,13,10,13.35,13.35,13.3498,13.35,14199.0
2025-07-02 17:11:00+00:00,2025-07-02 17:11:00+00:00,2025-07-02 17:11:00+00:00,2025-07-02 13:11:00-04:00,13:11:00,13,11,13.37,13.37,13.3699,13.3699,1296.0
2025-07-02 17:12:00+00:00,2025-07-02 17:12:00+00:00,2025-07-02 17:12:00+00:00,2025-07-02 13:12:00-04:00,13:12:00,13,12,13.37,13.37,13.36,13.37,3359.0
2025-07-02 17:13:00+00:00,2025-07-02 17:13:00+00:00,2025-07-02 17:13:00+00:00,2025-07-02 13:13:00-04:00,13:13:00,13,13,13.3698,13.3698,13.36,13.36,5752.0
2025-07-02 17:14:00+00:00,2025-07-02 17:14:00+00:00,2025-07-02 17:14:00+00:00,2025-07-02 13:14:00-04:00,13:14:00,13,14,13.3599,13.36,13.3599,13.3599,2840.0
2025-07-02 17:15:00+00:00,2025-07-02 17:15:00+00:00,2025-07-02 17:15:00+00:00,2025-07-02 13:15:00-04:00,13:15:00,13,15,13.36,13.4,13.36,13.3999,9553.0
2025-07-02 17:16:00+00:00,2025-07-02 17:16:00+00:00,2025-07-02 17:16:00+00:00,2025-07-02 13:16:00-04:00,13:16:00,13,16,13.4,13.42,13.4,13.41,11336.0
2025-07-02 17:17:00+00:00,2025-07-02 17:17:00+00:00,2025-07-02 17:17:00+00:00,2025-07-02 13:17:00-04:00,13:17:00,13,17,13.41,13.41,13.3697,13.3697,12797.0
2025-07-02 17:18:00+00:00,2025-07-02 17:18:00+00:00,2025-07-02 17:18:00+00:00,2025-07-02 13:18:00-04:00,13:18:00,13,18,13.36,13.37,13.36,13.37,1887.0
2025-07-02 17:19:00+00:00,2025-07-02 17:19:00+00:00,2025-07-02 17:19:00+00:00,2025-07-02 13:19:00-04:00,13:19:00,13,19,13.37,13.37,13.36,13.3697,1665.0
2025-07-02 17:20:00+00:00,2025-07-02 17:20:00+00:00,2025-07-02 17:20:00+00:00,2025-07-02 13:20:00-04:00,13:20:00,13,20,13.37,13.37,13.36,13.36,14810.0
2025-07-02 17:21:00+00:00,2025-07-02 17:21:00+00:00,2025-07-02 17:21:00+00:00,2025-07-02 13:21:00-04:00,13:21:00,13,21,13.37,13.37,13.33,13.33,12293.0
2025-07-02 17:22:00+00:00,2025-07-02 17:22:00+00:00,2025-07-02 17:22:00+00:00,2025-07-02 13:22:00-04:00,13:22:00,13,22,13.34,13.34,13.32,13.32,6667.0
2025-07-02 17:23:00+00:00,2025-07-02 17:23:00+00:00,2025-07-02 17:23:00+00:00,2025-07-02 13:23:00-04:00,13:23:00,13,23,13.33,13.35,13.33,13.35,3729.0
2025-07-02 17:24:00+00:00,2025-07-02 17:24:00+00:00,2025-07-02 17:24:00+00:00,2025-07-02 13:24:00-04:00,13:24:00,13,24,13.35,13.3603,13.34,13.3499,6089.0
2025-07-02 17:25:00+00:00,2025-07-02 17:25:00+00:00,2025-07-02 17:25:00+00:00,2025-07-02 13:25:00-04:00,13:25:00,13,25,13.37,13.38,13.36,13.36,15210.0
2025-07-02 17:26:00+00:00,2025-07-02 17:26:00+00:00,2025-07-02 17:26:00+00:00,2025-07-02 13:26:00-04:00,13:26:00,13,26,13.37,13.37,13.33,13.33,8915.0
2025-07-02 17:27:00+00:00,2025-07-02 17:27:00+00:00,2025-07-02 17:27:00+00:00,2025-07-02 13:27:00-04:00,13:27:00,13,27,13.3212,13.34,13.3,13.3,14976.0
2025-07-02 17:28:00+00:00,2025-07-02 17:28:00+00:00,2025-07-02 17:28:00+00:00,2025-07-02 13:28:00-04:00,13:28:00,13,28,13.28,13.31,13.24,13.3,47054.0
2025-07-02 17:29:00+00:00,2025-07-02 17:29:00+00:00,2025-07-02 17:29:00+00:00,2025-07-02 13:29:00-04:00,13:29:00,13,29,13.29,13.3,13.26,13.29,25856.0
2025-07-02 17:30:00+00:00,2025-07-02 17:30:00+00:00,2025-07-02 17:30:00+00:00,2025-07-02 13:30:00-04:00,13:30:00,13,30,13.3,13.33,13.13,13.25,877265.0
2025-07-02 17:31:00+00:00,2025-07-02 17:31:00+00:00,2025-07-02 17:31:00+00:00,2025-07-02 13:31:00-04:00,13:31:00,13,31,13.245,13.29,13.18,13.24,377735.0
2025-07-02 17:32:00+00:00,2025-07-02 17:32:00+00:00,2025-07-02 17:32:00+00:00,2025-07-02 13:32:00-04:00,13:32:00,13,32,13.23,13.27,13.18,13.195,254651.0
2025-07-02 17:33:00+00:00,2025-07-02 17:33:00+00:00,2025-07-02 17:33:00+00:00,2025-07-02 13:33:00-04:00,13:33:00,13,33,13.195,13.24,13.18,13.235,116440.0
2025-07-02 17:34:00+00:00,2025-07-02 17:34:00+00:00,2025-07-02 17:34:00+00:00,2025-07-02 13:34:00-04:00,13:34:00,13,34,13.23,13.23,13.17,13.18,300792.0
2025-07-02 17:35:00+00:00,2025-07-02 17:35:00+00:00,2025-07-02 17:35:00+00:00,2025-07-02 13:35:00-04:00,13:35:00,13,35,13.18,13.18,13.085,13.105,303467.0
2025-07-02 17:36:00+00:00,2025-07-02 17:36:00+00:00,2025-07-02 17:36:00+00:00,2025-07-02 13:36:00-04:00,13:36:00,13,36,13.1001,13.1599,13.0645,13.1562,281598.0
2025-07-02 17:37:00+00:00,2025-07-02 17:37:00+00:00,2025-07-02 17:37:00+00:00,2025-07-02 13:37:00-04:00,13:37:00,13,37,13.155,13.17,13.09,13.115,210237.0
2025-07-02 17:38:00+00:00,2025-07-02 17:38:00+00:00,2025-07-02 17:38:00+00:00,2025-07-02 13:38:00-04:00,13:38:00,13,38,13.1182,13.12,13.06,13.075,237238.0
2025-07-02 17:39:00+00:00,2025-07-02 17:39:00+00:00,2025-07-02 17:39:00+00:00,2025-07-02 13:39:00-04:00,13:39:00,13,39,13.075,13.0884,13.03,13.035,258095.0
2025-07-02 17:40:00+00:00,2025-07-02 17:40:00+00:00,2025-07-02 17:40:00+00:00,2025-07-02 13:40:00-04:00,13:40:00,13,40,13.0306,13.1,13.025,13.0452,326044.0
2025-07-02 17:41:00+00:00,2025-07-02 17:41:00+00:00,2025-07-02 17:41:00+00:00,2025-07-02 13:41:00-04:00,13:41:00,13,41,13.05,13.085,13.04,13.05,254818.0
2025-07-02 17:42:00+00:00,2025-07-02 17:42:00+00:00,2025-07-02 17:42:00+00:00,2025-07-02 13:42:00-04:00,13:42:00,13,42,13.055,13.1,13.02,13.095,214085.0
2025-07-02 17:43:00+00:00,2025-07-02 17:43:00+00:00,2025-07-02 17:43:00+00:00,2025-07-02 13:43:00-04:00,13:43:00,13,43,13.095,13.12,13.08,13.12,112743.0
2025-07-02 17:44:00+00:00,2025-07-02 17:44:00+00:00,2025-07-02 17:44:00+00:00,2025-07-02 13:44:00-04:00,13:44:00,13,44,13.11,13.17,13.11,13.155,115328.0
2025-07-02 17:45:00+00:00,2025-07-02 17:45:00+00:00,2025-07-02 17:45:00+00:00,2025-07-02 13:45:00-04:00,13:45:00,13,45,13.155,13.17,13.14,13.155,109946.0
2025-07-02 17:46:00+00:00,2025-07-02 17:46:00+00:00,2025-07-02 17:46:00+00:00,2025-07-02 13:46:00-04:00,13:46:00,13,46,13.1547,13.18,13.135,13.16,138053.0
2025-07-02 17:47:00+00:00,2025-07-02 17:47:00+00:00,2025-07-02 17:47:00+00:00,2025-07-02 13:47:00-04:00,13:47:00,13,47,13.16,13.17,13.1548,13.165,83077.0
2025-07-02 17:48:00+00:00,2025-07-02 17:48:00+00:00,2025-07-02 17:48:00+00:00,2025-07-02 13:48:00-04:00,13:48:00,13,48,13.16,13.185,13.15,13.165,174275.0
2025-07-02 17:49:00+00:00,2025-07-02 17:49:00+00:00,2025-07-02 17:49:00+00:00,2025-07-02 13:49:00-04:00,13:49:00,13,49,13.165,13.165,13.11,13.1298,115861.0
2025-07-02 17:50:00+00:00,2025-07-02 17:50:00+00:00,2025-07-02 17:50:00+00:00,2025-07-02 13:50:00-04:00,13:50:00,13,50,13.1202,13.135,13.115,13.135,79098.0
2025-07-02 17:51:00+00:00,2025-07-02 17:51:00+00:00,2025-07-02 17:51:00+00:00,2025-07-02 13:51:00-04:00,13:51:00,13,51,13.135,13.1686,13.13,13.165,116922.0
2025-07-02 17:52:00+00:00,2025-07-02 17:52:00+00:00,2025-07-02 17:52:00+00:00,2025-07-02 13:52:00-04:00,13:52:00,13,52,13.1616,13.17,13.11,13.115,188809.0
2025-07-02 17:53:00+00:00,2025-07-02 17:53:00+00:00,2025-07-02 17:53:00+00:00,2025-07-02 13:53:00-04:00,13:53:00,13,53,13.1154,13.1154,13.05,13.05,212099.0
2025-07-02 17:54:00+00:00,2025-07-02 17:54:00+00:00,2025-07-02 17:54:00+00:00,2025-07-02 13:54:00-04:00,13:54:00,13,54,13.0503,13.055,12.97,13.01,911087.0
2025-07-02 17:55:00+00:00,2025-07-02 17:55:00+00:00,2025-07-02 17:55:00+00:00,2025-07-02 13:55:00-04:00,13:55:00,13,55,13.01,13.03,12.99,13.01,197898.0
2025-07-02 17:56:00+00:00,2025-07-02 17:56:00+00:00,2025-07-02 17:56:00+00:00,2025-07-02 13:56:00-04:00,13:56:00,13,56,13.01,13.02,12.985,12.995,120329.0
2025-07-02 17:57:00+00:00,2025-07-02 17:57:00+00:00,2025-07-02 17:57:00+00:00,2025-07-02 13:57:00-04:00,13:57:00,13,57,12.99,13.03,12.99,13.01,281433.0
2025-07-02 17:58:00+00:00,2025-07-02 17:58:00+00:00,2025-07-02 17:58:00+00:00,2025-07-02 13:58:00-04:00,13:58:00,13,58,13.0198,13.03,13.0,13.015,92393.0
2025-07-02 17:59:00+00:00,2025-07-02 17:59:00+00:00,2025-07-02 17:59:00+00:00,2025-07-02 13:59:00-04:00,13:59:00,13,59,13.015,13.04,13.0,13.035,83329.0
2025-07-02 18:00:00+00:00,2025-07-02 18:00:00+00:00,2025-07-02 18:00:00+00:00,2025-07-02 14:00:00-04:00,14:00:00,14,0,13.03,13.05,12.99,12.9912,202096.0
2025-07-02 18:01:00+00:00,2025-07-02 18:01:00+00:00,2025-07-02 18:01:00+00:00,2025-07-02 14:01:00-04:00,14:01:00,14,1,12.9935,13.01,12.97,12.98,279502.0
2025-07-02 18:02:00+00:00,2025-07-02 18:02:00+00:00,2025-07-02 18:02:00+00:00,2025-07-02 14:02:00-04:00,14:02:00,14,2,12.98,12.99,12.95,12.955,369641.0
2025-07-02 18:03:00+00:00,2025-07-02 18:03:00+00:00,2025-07-02 18:03:00+00:00,2025-07-02 14:03:00-04:00,14:03:00,14,3,12.95,12.965,12.94,12.95,271946.0
2025-07-02 18:04:00+00:00,2025-07-02 18:04:00+00:00,2025-07-02 18:04:00+00:00,2025-07-02 14:04:00-04:00,14:04:00,14,4,12.955,12.955,12.92,12.93,179758.0
2025-07-02 18:05:00+00:00,2025-07-02 18:05:00+00:00,2025-07-02 18:05:00+00:00,2025-07-02 14:05:00-04:00,14:05:00,14,5,12.93,12.935,12.87,12.8801,403035.0
2025-07-02 18:06:00+00:00,2025-07-02 18:06:00+00:00,2025-07-02 18:06:00+00:00,2025-07-02 14:06:00-04:00,14:06:00,14,6,12.88,12.93,12.88,12.9154,247940.0
2025-07-02 18:07:00+00:00,2025-07-02 18:07:00+00:00,2025-07-02 18:07:00+00:00,2025-07-02 14:07:00-04:00,14:07:00,14,7,12.92,12.92,12.9,12.91,121931.0
2025-07-02 18:08:00+00:00,2025-07-02 18:08:00+00:00,2025-07-02 18:08:00+00:00,2025-07-02 14:08:00-04:00,14:08:00,14,8,12.915,12.94,12.9,12.9024,210581.0
2025-07-02 18:09:00+00:00,2025-07-02 18:09:00+00:00,2025-07-02 18:09:00+00:00,2025-07-02 14:09:00-04:00,14:09:00,14,9,12.9,12.94,12.9,12.935,213404.0
2025-07-02 18:10:00+00:00,2025-07-02 18:10:00+00:00,2025-07-02 18:10:00+00:00,2025-07-02 14:10:00-04:00,14:10:00,14,10,12.9345,12.99,12.9345,12.975,239834.0
2025-07-02 18:11:00+00:00,2025-07-02 18:11:00+00:00,2025-07-02 18:11:00+00:00,2025-07-02 14:11:00-04:00,14:11:00,14,11,12.97,13.0,12.96,13.0,171572.0
2025-07-02 18:12:00+00:00,2025-07-02 18:12:00+00:00,2025-07-02 18:12:00+00:00,2025-07-02 14:12:00-04:00,14:12:00,14,12,13.0,13.01,12.99,13.0001,147065.0
2025-07-02 18:13:00+00:00,2025-07-02 18:13:00+00:00,2025-07-02 18:13:00+00:00,2025-07-02 14:13:00-04:00,14:13:00,14,13,13.01,13.04,13.0,13.04,358687.0
2025-07-02 18:14:00+00:00,2025-07-02 18:14:00+00:00,2025-07-02 18:14:00+00:00,2025-07-02 14:14:00-04:00,14:14:00,14,14,13.04,13.07,13.025,13.065,170771.0
2025-07-02 18:15:00+00:00,2025-07-02 18:15:00+00:00,2025-07-02 18:15:00+00:00,2025-07-02 14:15:00-04:00,14:15:00,14,15,13.065,13.0673,13.03,13.03,183029.0
2025-07-02 18:16:00+00:00,2025-07-02 18:16:00+00:00,2025-07-02 18:16:00+00:00,2025-07-02 14:16:00-04:00,14:16:00,14,16,13.03,13.05,13.02,13.035,89953.0
2025-07-02 18:17:00+00:00,2025-07-02 18:17:00+00:00,2025-07-02 18:17:00+00:00,2025-07-02 14:17:00-04:00,14:17:00,14,17,13.031,13.0369,13.0001,13.0252,76030.0
2025-07-02 18:18:00+00:00,2025-07-02 18:18:00+00:00,2025-07-02 18:18:00+00:00,2025-07-02 14:18:00-04:00,14:18:00,14,18,13.0218,13.05,13.02,13.05,93707.0
2025-07-02 18:19:00+00:00,2025-07-02 18:19:00+00:00,2025-07-02 18:19:00+00:00,2025-07-02 14:19:00-04:00,14:19:00,14,19,13.0499,13.06,13.03,13.0554,211623.0
2025-07-02 18:20:00+00:00,2025-07-02 18:20:00+00:00,2025-07-02 18:20:00+00:00,2025-07-02 14:20:00-04:00,14:20:00,14,20,13.05,13.09,13.05,13.075,185082.0
2025-07-02 18:21:00+00:00,2025-07-02 18:21:00+00:00,2025-07-02 18:21:00+00:00,2025-07-02 14:21:00-04:00,14:21:00,14,21,13.0749,13.12,13.07,13.112,246323.0
2025-07-02 18:22:00+00:00,2025-07-02 18:22:00+00:00,2025-07-02 18:22:00+00:00,2025-07-02 14:22:00-04:00,14:22:00,14,22,13.115,13.12,13.11,13.115,112306.0
2025-07-02 18:23:00+00:00,2025-07-02 18:23:00+00:00,2025-07-02 18:23:00+00:00,2025-07-02 14:23:00-04:00,14:23:00,14,23,13.1101,13.12,13.105,13.105,148977.0
2025-07-02 18:24:00+00:00,2025-07-02 18:24:00+00:00,2025-07-02 18:24:00+00:00,2025-07-02 14:24:00-04:00,14:24:00,14,24,13.105,13.12,13.1,13.115,79416.0
2025-07-02 18:25:00+00:00,2025-07-02 18:25:00+00:00,2025-07-02 18:25:00+00:00,2025-07-02 14:25:00-04:00,14:25:00,14,25,13.1123,13.155,13.11,13.145,164789.0
2025-07-02 18:26:00+00:00,2025-07-02 18:26:00+00:00,2025-07-02 18:26:00+00:00,2025-07-02 14:26:00-04:00,14:26:00,14,26,13.1452,13.19,13.12,13.145,467147.0
2025-07-02 18:27:00+00:00,2025-07-02 18:27:00+00:00,2025-07-02 18:27:00+00:00,2025-07-02 14:27:00-04:00,14:27:00,14,27,13.145,13.17,13.135,13.15,151415.0
2025-07-02 18:28:00+00:00,2025-07-02 18:28:00+00:00,2025-07-02 18:28:00+00:00,2025-07-02 14:28:00-04:00,14:28:00,14,28,13.145,13.15,13.13,13.14,101834.0
2025-07-02 18:29:00+00:00,2025-07-02 18:29:00+00:00,2025-07-02 18:29:00+00:00,2025-07-02 14:29:00-04:00,14:29:00,14,29,13.1416,13.16,13.14,13.155,61088.0
2025-07-02 18:30:00+00:00,2025-07-02 18:30:00+00:00,2025-07-02 18:30:00+00:00,2025-07-02 14:30:00-04:00,14:30:00,14,30,13.1533,13.16,13.14,13.1552,84069.0
2025-07-02 18:31:00+00:00,2025-07-02 18:31:00+00:00,2025-07-02 18:31:00+00:00,2025-07-02 14:31:00-04:00,14:31:00,14,31,13.155,13.215,13.14,13.2008,196568.0
2025-07-02 18:32:00+00:00,2025-07-02 18:32:00+00:00,2025-07-02 18:32:00+00:00,2025-07-02 14:32:00-04:00,14:32:00,14,32,13.2003,13.21,13.17,13.1883,134028.0
2025-07-02 18:33:00+00:00,2025-07-02 18:33:00+00:00,2025-07-02 18:33:00+00:00,2025-07-02 14:33:00-04:00,14:33:00,14,33,13.185,13.24,13.1847,13.24,158532.0
2025-07-02 18:34:00+00:00,2025-07-02 18:34:00+00:00,2025-07-02 18:34:00+00:00,2025-07-02 14:34:00-04:00,14:34:00,14,34,13.23,13.25,13.21,13.2155,132802.0
2025-07-02 18:35:00+00:00,2025-07-02 18:35:00+00:00,2025-07-02 18:35:00+00:00,2025-07-02 14:35:00-04:00,14:35:00,14,35,13.215,13.2399,13.21,13.2288,83629.0
2025-07-02 18:36:00+00:00,2025-07-02 18:36:00+00:00,2025-07-02 18:36:00+00:00,2025-07-02 14:36:00-04:00,14:36:00,14,36,13.223,13.25,13.2125,13.245,137935.0
2025-07-02 18:37:00+00:00,2025-07-02 18:37:00+00:00,2025-07-02 18:37:00+00:00,2025-07-02 14:37:00-04:00,14:37:00,14,37,13.245,13.265,13.22,13.225,208057.0
2025-07-02 18:38:00+00:00,2025-07-02 18:38:00+00:00,2025-07-02 18:38:00+00:00,2025-07-02 14:38:00-04:00,14:38:00,14,38,13.225,13.2383,13.2,13.235,106033.0
2025-07-02 18:39:00+00:00,2025-07-02 18:39:00+00:00,2025-07-02 18:39:00+00:00,2025-07-02 14:39:00-04:00,14:39:00,14,39,13.235,13.24,13.21,13.21,88934.0
2025-07-02 18:40:00+00:00,2025-07-02 18:40:00+00:00,2025-07-02 18:40:00+00:00,2025-07-02 14:40:00-04:00,14:40:00,14,40,13.215,13.22,13.195,13.2027,124678.0
2025-07-02 18:41:00+00:00,2025-07-02 18:41:00+00:00,2025-07-02 18:41:00+00:00,2025-07-02 14:41:00-04:00,14:41:00,14,41,13.205,13.21,13.18,13.1999,73757.0
2025-07-02 18:42:00+00:00,2025-07-02 18:42:00+00:00,2025-07-02 18:42:00+00:00,2025-07-02 14:42:00-04:00,14:42:00,14,42,13.1949,13.2,13.18,13.1847,35543.0
2025-07-02 18:43:00+00:00,2025-07-02 18:43:00+00:00,2025-07-02 18:43:00+00:00,2025-07-02 14:43:00-04:00,14:43:00,14,43,13.185,13.1877,13.17,13.1797,61734.0
2025-07-02 18:44:00+00:00,2025-07-02 18:44:00+00:00,2025-07-02 18:44:00+00:00,2025-07-02 14:44:00-04:00,14:44:00,14,44,13.175,13.185,13.15,13.155,93321.0
2025-07-02 18:45:00+00:00,2025-07-02 18:45:00+00:00,2025-07-02 18:45:00+00:00,2025-07-02 14:45:00-04:00,14:45:00,14,45,13.16,13.16,13.13,13.135,66191.0
2025-07-02 18:46:00+00:00,2025-07-02 18:46:00+00:00,2025-07-02 18:46:00+00:00,2025-07-02 14:46:00-04:00,14:46:00,14,46,13.135,13.14,13.1,13.1152,166291.0
2025-07-02 18:47:00+00:00,2025-07-02 18:47:00+00:00,2025-07-02 18:47:00+00:00,2025-07-02 14:47:00-04:00,14:47:00,14,47,13.115,13.14,13.115,13.1326,104926.0
2025-07-02 18:48:00+00:00,2025-07-02 18:48:00+00:00,2025-07-02 18:48:00+00:00,2025-07-02 14:48:00-04:00,14:48:00,14,48,13.13,13.1452,13.12,13.125,32386.0
2025-07-02 18:49:00+00:00,2025-07-02 18:49:00+00:00,2025-07-02 18:49:00+00:00,2025-07-02 14:49:00-04:00,14:49:00,14,49,13.1226,13.13,13.12,13.1281,43069.0
2025-07-02 18:50:00+00:00,2025-07-02 18:50:00+00:00,2025-07-02 18:50:00+00:00,2025-07-02 14:50:00-04:00,14:50:00,14,50,13.13,13.13,13.12,13.1245,36173.0
2025-07-02 18:51:00+00:00,2025-07-02 18:51:00+00:00,2025-07-02 18:51:00+00:00,2025-07-02 14:51:00-04:00,14:51:00,14,51,13.125,13.13,13.12,13.1246,42216.0
2025-07-02 18:52:00+00:00,2025-07-02 18:52:00+00:00,2025-07-02 18:52:00+00:00,2025-07-02 14:52:00-04:00,14:52:00,14,52,13.12,13.13,13.11,13.12,65441.0
2025-07-02 18:53:00+00:00,2025-07-02 18:53:00+00:00,2025-07-02 18:53:00+00:00,2025-07-02 14:53:00-04:00,14:53:00,14,53,13.1287,13.14,13.12,13.14,36676.0
2025-07-02 18:54:00+00:00,2025-07-02 18:54:00+00:00,2025-07-02 18:54:00+00:00,2025-07-02 14:54:00-04:00,14:54:00,14,54,13.1383,13.16,13.1335,13.155,59125.0
2025-07-02 18:55:00+00:00,2025-07-02 18:55:00+00:00,2025-07-02 18:55:00+00:00,2025-07-02 14:55:00-04:00,14:55:00,14,55,13.155,13.155,13.14,13.145,33497.0
2025-07-02 18:56:00+00:00,2025-07-02 18:56:00+00:00,2025-07-02 18:56:00+00:00,2025-07-02 14:56:00-04:00,14:56:00,14,56,13.145,13.15,13.14,13.14,20696.0
2025-07-02 18:57:00+00:00,2025-07-02 18:57:00+00:00,2025-07-02 18:57:00+00:00,2025-07-02 14:57:00-04:00,14:57:00,14,57,13.145,13.1669,13.14,13.1669,39633.0
2025-07-02 18:58:00+00:00,2025-07-02 18:58:00+00:00,2025-07-02 18:58:00+00:00,2025-07-02 14:58:00-04:00,14:58:00,14,58,13.16,13.1683,13.13,13.13,53051.0
2025-07-02 18:59:00+00:00,2025-07-02 18:59:00+00:00,2025-07-02 18:59:00+00:00,2025-07-02 14:59:00-04:00,14:59:00,14,59,13.1301,13.139,13.11,13.1249,59120.0
2025-07-02 19:00:00+00:00,2025-07-02 19:00:00+00:00,2025-07-02 19:00:00+00:00,2025-07-02 15:00:00-04:00,15:00:00,15,0,13.1235,13.125,13.11,13.12,39773.0
2025-07-02 19:01:00+00:00,2025-07-02 19:01:00+00:00,2025-07-02 19:01:00+00:00,2025-07-02 15:01:00-04:00,15:01:00,15,1,13.12,13.13,13.12,13.125,17926.0
2025-07-02 19:02:00+00:00,2025-07-02 19:02:00+00:00,2025-07-02 19:02:00+00:00,2025-07-02 15:02:00-04:00,15:02:00,15,2,13.125,13.13,13.11,13.1173,46075.0
2025-07-02 19:03:00+00:00,2025-07-02 19:03:00+00:00,2025-07-02 19:03:00+00:00,2025-07-02 15:03:00-04:00,15:03:00,15,3,13.115,13.1297,13.1149,13.1276,40849.0
2025-07-02 19:04:00+00:00,2025-07-02 19:04:00+00:00,2025-07-02 19:04:00+00:00,2025-07-02 15:04:00-04:00,15:04:00,15,4,13.125,13.13,13.12,13.1253,78116.0
2025-07-02 19:05:00+00:00,2025-07-02 19:05:00+00:00,2025-07-02 19:05:00+00:00,2025-07-02 15:05:00-04:00,15:05:00,15,5,13.125,13.1399,13.1226,13.135,42037.0
2025-07-02 19:06:00+00:00,2025-07-02 19:06:00+00:00,2025-07-02 19:06:00+00:00,2025-07-02 15:06:00-04:00,15:06:00,15,6,13.135,13.14,13.13,13.135,25690.0
2025-07-02 19:07:00+00:00,2025-07-02 19:07:00+00:00,2025-07-02 19:07:00+00:00,2025-07-02 15:07:00-04:00,15:07:00,15,7,13.13,13.13,13.12,13.13,36104.0
2025-07-02 19:08:00+00:00,2025-07-02 19:08:00+00:00,2025-07-02 19:08:00+00:00,2025-07-02 15:08:00-04:00,15:08:00,15,8,13.125,13.13,13.12,13.1244,21139.0
2025-07-02 19:09:00+00:00,2025-07-02 19:09:00+00:00,2025-07-02 19:09:00+00:00,2025-07-02 15:09:00-04:00,15:09:00,15,9,13.125,13.13,13.12,13.13,16772.0
2025-07-02 19:10:00+00:00,2025-07-02 19:10:00+00:00,2025-07-02 19:10:00+00:00,2025-07-02 15:10:00-04:00,15:10:00,15,10,13.1262,13.13,13.1,13.1047,67514.0
2025-07-02 19:11:00+00:00,2025-07-02 19:11:00+00:00,2025-07-02 19:11:00+00:00,2025-07-02 15:11:00-04:00,15:11:00,15,11,13.102,13.175,13.1,13.135,240327.0
2025-07-02 19:12:00+00:00,2025-07-02 19:12:00+00:00,2025-07-02 19:12:00+00:00,2025-07-02 15:12:00-04:00,15:12:00,15,12,13.135,13.18,13.13,13.1754,52944.0
2025-07-02 19:13:00+00:00,2025-07-02 19:13:00+00:00,2025-07-02 19:13:00+00:00,2025-07-02 15:13:00-04:00,15:13:00,15,13,13.175,13.19,13.17,13.18,51743.0
2025-07-02 19:14:00+00:00,2025-07-02 19:14:00+00:00,2025-07-02 19:14:00+00:00,2025-07-02 15:14:00-04:00,15:14:00,15,14,13.175,13.19,13.165,13.17,57762.0
2025-07-02 19:15:00+00:00,2025-07-02 19:15:00+00:00,2025-07-02 19:15:00+00:00,2025-07-02 15:15:00-04:00,15:15:00,15,15,13.1699,13.2,13.165,13.195,90289.0
2025-07-02 19:16:00+00:00,2025-07-02 19:16:00+00:00,2025-07-02 19:16:00+00:00,2025-07-02 15:16:00-04:00,15:16:00,15,16,13.195,13.2,13.17,13.175,86774.0
2025-07-02 19:17:00+00:00,2025-07-02 19:17:00+00:00,2025-07-02 19:17:00+00:00,2025-07-02 15:17:00-04:00,15:17:00,15,17,13.17,13.23,13.1629,13.2263,190659.0
2025-07-02 19:18:00+00:00,2025-07-02 19:18:00+00:00,2025-07-02 19:18:00+00:00,2025-07-02 15:18:00-04:00,15:18:00,15,18,13.225,13.2253,13.21,13.215,43838.0
2025-07-02 19:19:00+00:00,2025-07-02 19:19:00+00:00,2025-07-02 19:19:00+00:00,2025-07-02 15:19:00-04:00,15:19:00,15,19,13.215,13.22,13.195,13.195,60801.0
2025-07-02 19:20:00+00:00,2025-07-02 19:20:00+00:00,2025-07-02 19:20:00+00:00,2025-07-02 15:20:00-04:00,15:20:00,15,20,13.193,13.23,13.18,13.225,64690.0
2025-07-02 19:21:00+00:00,2025-07-02 19:21:00+00:00,2025-07-02 19:21:00+00:00,2025-07-02 15:21:00-04:00,15:21:00,15,21,13.225,13.23,13.19,13.195,44358.0
2025-07-02 19:22:00+00:00,2025-07-02 19:22:00+00:00,2025-07-02 19:22:00+00:00,2025-07-02 15:22:00-04:00,15:22:00,15,22,13.195,13.1977,13.18,13.1899,25232.0
2025-07-02 19:23:00+00:00,2025-07-02 19:23:00+00:00,2025-07-02 19:23:00+00:00,2025-07-02 15:23:00-04:00,15:23:00,15,23,13.185,13.21,13.1813,13.205,73039.0
2025-07-02 19:24:00+00:00,2025-07-02 19:24:00+00:00,2025-07-02 19:24:00+00:00,2025-07-02 15:24:00-04:00,15:24:00,15,24,13.21,13.2198,13.1923,13.195,66225.0
2025-07-02 19:25:00+00:00,2025-07-02 19:25:00+00:00,2025-07-02 19:25:00+00:00,2025-07-02 15:25:00-04:00,15:25:00,15,25,13.195,13.2183,13.195,13.21,54756.0
2025-07-02 19:26:00+00:00,2025-07-02 19:26:00+00:00,2025-07-02 19:26:00+00:00,2025-07-02 15:26:00-04:00,15:26:00,15,26,13.2025,13.22,13.2,13.215,40593.0
2025-07-02 19:27:00+00:00,2025-07-02 19:27:00+00:00,2025-07-02 19:27:00+00:00,2025-07-02 15:27:00-04:00,15:27:00,15,27,13.21,13.215,13.16,13.1649,65799.0
2025-07-02 19:28:00+00:00,2025-07-02 19:28:00+00:00,2025-07-02 19:28:00+00:00,2025-07-02 15:28:00-04:00,15:28:00,15,28,13.165,13.175,13.155,13.165,55092.0
2025-07-02 19:29:00+00:00,2025-07-02 19:29:00+00:00,2025-07-02 19:29:00+00:00,2025-07-02 15:29:00-04:00,15:29:00,15,29,13.165,13.175,13.15,13.165,40595.0
2025-07-02 19:30:00+00:00,2025-07-02 19:30:00+00:00,2025-07-02 19:30:00+00:00,2025-07-02 15:30:00-04:00,15:30:00,15,30,13.16,13.185,13.16,13.185,42528.0
2025-07-02 19:31:00+00:00,2025-07-02 19:31:00+00:00,2025-07-02 19:31:00+00:00,2025-07-02 15:31:00-04:00,15:31:00,15,31,13.185,13.19,13.18,13.1818,38110.0
2025-07-02 19:32:00+00:00,2025-07-02 19:32:00+00:00,2025-07-02 19:32:00+00:00,2025-07-02 15:32:00-04:00,15:32:00,15,32,13.18,13.19,13.17,13.18,29739.0
2025-07-02 19:33:00+00:00,2025-07-02 19:33:00+00:00,2025-07-02 19:33:00+00:00,2025-07-02 15:33:00-04:00,15:33:00,15,33,13.185,13.19,13.17,13.17,106558.0
2025-07-02 19:34:00+00:00,2025-07-02 19:34:00+00:00,2025-07-02 19:34:00+00:00,2025-07-02 15:34:00-04:00,15:34:00,15,34,13.175,13.18,13.16,13.1664,83230.0
2025-07-02 19:35:00+00:00,2025-07-02 19:35:00+00:00,2025-07-02 19:35:00+00:00,2025-07-02 15:35:00-04:00,15:35:00,15,35,13.1646,13.18,13.16,13.18,93013.0
2025-07-02 19:36:00+00:00,2025-07-02 19:36:00+00:00,2025-07-02 19:36:00+00:00,2025-07-02 15:36:00-04:00,15:36:00,15,36,13.18,13.18,13.1712,13.1785,17328.0
2025-07-02 19:37:00+00:00,2025-07-02 19:37:00+00:00,2025-07-02 19:37:00+00:00,2025-07-02 15:37:00-04:00,15:37:00,15,37,13.18,13.1878,13.17,13.185,45522.0
2025-07-02 19:38:00+00:00,2025-07-02 19:38:00+00:00,2025-07-02 19:38:00+00:00,2025-07-02 15:38:00-04:00,15:38:00,15,38,13.18,13.185,13.165,13.1746,55495.0
2025-07-02 19:39:00+00:00,2025-07-02 19:39:00+00:00,2025-07-02 19:39:00+00:00,2025-07-02 15:39:00-04:00,15:39:00,15,39,13.1793,13.18,13.16,13.1652,21668.0
2025-07-02 19:40:00+00:00,2025-07-02 19:40:00+00:00,2025-07-02 19:40:00+00:00,2025-07-02 15:40:00-04:00,15:40:00,15,40,13.165,13.18,13.16,13.1799,49969.0
2025-07-02 19:41:00+00:00,2025-07-02 19:41:00+00:00,2025-07-02 19:41:00+00:00,2025-07-02 15:41:00-04:00,15:41:00,15,41,13.1799,13.1799,13.17,13.1726,16370.0
2025-07-02 19:42:00+00:00,2025-07-02 19:42:00+00:00,2025-07-02 19:42:00+00:00,2025-07-02 15:42:00-04:00,15:42:00,15,42,13.175,13.18,13.17,13.18,26459.0
2025-07-02 19:43:00+00:00,2025-07-02 19:43:00+00:00,2025-07-02 19:43:00+00:00,2025-07-02 15:43:00-04:00,15:43:00,15,43,13.1746,13.1765,13.16,13.175,43422.0
2025-07-02 19:44:00+00:00,2025-07-02 19:44:00+00:00,2025-07-02 19:44:00+00:00,2025-07-02 15:44:00-04:00,15:44:00,15,44,13.175,13.18,13.1526,13.155,14910.0
2025-07-02 19:45:00+00:00,2025-07-02 19:45:00+00:00,2025-07-02 19:45:00+00:00,2025-07-02 15:45:00-04:00,15:45:00,15,45,13.1561,13.1753,13.15,13.17,40268.0
2025-07-02 19:46:00+00:00,2025-07-02 19:46:00+00:00,2025-07-02 19:46:00+00:00,2025-07-02 15:46:00-04:00,15:46:00,15,46,13.175,13.18,13.17,13.17,19525.0
2025-07-02 19:47:00+00:00,2025-07-02 19:47:00+00:00,2025-07-02 19:47:00+00:00,2025-07-02 15:47:00-04:00,15:47:00,15,47,13.1616,13.2,13.16,13.2,122508.0
2025-07-02 19:48:00+00:00,2025-07-02 19:48:00+00:00,2025-07-02 19:48:00+00:00,2025-07-02 15:48:00-04:00,15:48:00,15,48,13.1953,13.2,13.19,13.2,12830.0
2025-07-02 19:49:00+00:00,2025-07-02 19:49:00+00:00,2025-07-02 19:49:00+00:00,2025-07-02 15:49:00-04:00,15:49:00,15,49,13.195,13.2,13.19,13.1975,11533.0
2025-07-02 19:50:00+00:00,2025-07-02 19:50:00+00:00,2025-07-02 19:50:00+00:00,2025-07-02 15:50:00-04:00,15:50:00,15,50,13.195,13.195,13.18,13.18,104933.0
2025-07-02 19:51:00+00:00,2025-07-02 19:51:00+00:00,2025-07-02 19:51:00+00:00,2025-07-02 15:51:00-04:00,15:51:00,15,51,13.1848,13.19,13.18,13.185,18152.0
2025-07-02 19:52:00+00:00,2025-07-02 19:52:00+00:00,2025-07-02 19:52:00+00:00,2025-07-02 15:52:00-04:00,15:52:00,15,52,13.18,13.19,13.175,13.18,27712.0
2025-07-02 19:53:00+00:00,2025-07-02 19:53:00+00:00,2025-07-02 19:53:00+00:00,2025-07-02 15:53:00-04:00,15:53:00,15,53,13.1835,13.19,13.17,13.1715,41745.0
2025-07-02 19:54:00+00:00,2025-07-02 19:54:00+00:00,2025-07-02 19:54:00+00:00,2025-07-02 15:54:00-04:00,15:54:00,15,54,13.1721,13.18,13.165,13.165,14939.0
2025-07-02 19:55:00+00:00,2025-07-02 19:55:00+00:00,2025-07-02 19:55:00+00:00,2025-07-02 15:55:00-04:00,15:55:00,15,55,13.165,13.19,13.16,13.19,49351.0
2025-07-02 19:56:00+00:00,2025-07-02 19:56:00+00:00,2025-07-02 19:56:00+00:00,2025-07-02 15:56:00-04:00,15:56:00,15,56,13.182,13.2,13.182,13.1973,35675.0
2025-07-02 19:57:00+00:00,2025-07-02 19:57:00+00:00,2025-07-02 19:57:00+00:00,2025-07-02 15:57:00-04:00,15:57:00,15,57,13.1988,13.2,13.19,13.195,13240.0
2025-07-02 19:58:00+00:00,2025-07-02 19:58:00+00:00,2025-07-02 19:58:00+00:00,2025-07-02 15:58:00-04:00,15:58:00,15,58,13.195,13.2,13.17,13.185,51180.0
2025-07-02 19:59:00+00:00,2025-07-02 19:59:00+00:00,2025-07-02 19:59:00+00:00,2025-07-02 15:59:00-04:00,15:59:00,15,59,13.185,13.2,13.18,13.19,34486.0
2025-07-02 20:00:00+00:00,2025-07-02 20:00:00+00:00,2025-07-02 20:00:00+00:00,2025-07-02 16:00:00-04:00,16:00:00,16,0,13.1824,13.19,13.1799,13.19,54613.0
2025-07-02 20:01:00+00:00,2025-07-02 20:01:00+00:00,2025-07-02 20:01:00+00:00,2025-07-02 16:01:00-04:00,16:01:00,16,1,13.185,13.19,13.1646,13.1681,41138.0
2025-07-02 20:02:00+00:00,2025-07-02 20:02:00+00:00,2025-07-02 20:02:00+00:00,2025-07-02 16:02:00-04:00,16:02:00,16,2,13.17,13.18,13.17,13.17,37016.0
2025-07-02 20:03:00+00:00,2025-07-02 20:03:00+00:00,2025-07-02 20:03:00+00:00,2025-07-02 16:03:00-04:00,16:03:00,16,3,13.175,13.175,13.16,13.17,40628.0
2025-07-02 20:04:00+00:00,2025-07-02 20:04:00+00:00,2025-07-02 20:04:00+00:00,2025-07-02 16:04:00-04:00,16:04:00,16,4,13.17,13.17,13.13,13.145,96577.0
2025-07-02 20:05:00+00:00,2025-07-02 20:05:00+00:00,2025-07-02 20:05:00+00:00,2025-07-02 16:05:00-04:00,16:05:00,16,5,13.1445,13.15,13.13,13.15,34019.0
2025-07-02 20:06:00+00:00,2025-07-02 20:06:00+00:00,2025-07-02 20:06:00+00:00,2025-07-02 16:06:00-04:00,16:06:00,16,6,13.1452,13.16,13.14,13.155,13754.0
2025-07-02 20:07:00+00:00,2025-07-02 20:07:00+00:00,2025-07-02 20:07:00+00:00,2025-07-02 16:07:00-04:00,16:07:00,16,7,13.15,13.16,13.145,13.155,31068.0
2025-07-02 20:08:00+00:00,2025-07-02 20:08:00+00:00,2025-07-02 20:08:00+00:00,2025-07-02 16:08:00-04:00,16:08:00,16,8,13.16,13.17,13.15,13.1673,23863.0
2025-07-02 20:09:00+00:00,2025-07-02 20:09:00+00:00,2025-07-02 20:09:00+00:00,2025-07-02 16:09:00-04:00,16:09:00,16,9,13.165,13.17,13.15,13.16,18829.0
2025-07-02 20:10:00+00:00,2025-07-02 20:10:00+00:00,2025-07-02 20:10:00+00:00,2025-07-02 16:10:00-04:00,16:10:00,16,10,13.16,13.165,13.15,13.1548,21923.0
2025-07-02 20:11:00+00:00,2025-07-02 20:11:00+00:00,2025-07-02 20:11:00+00:00,2025-07-02 16:11:00-04:00,16:11:00,16,11,13.155,13.16,13.15,13.16,6999.0
2025-07-02 20:12:00+00:00,2025-07-02 20:12:00+00:00,2025-07-02 20:12:00+00:00,2025-07-02 16:12:00-04:00,16:12:00,16,12,13.155,13.16,13.15,13.16,22591.0
2025-07-02 20:13:00+00:00,2025-07-02 20:13:00+00:00,2025-07-02 20:13:00+00:00,2025-07-02 16:13:00-04:00,16:13:00,16,13,13.155,13.16,13.15,13.1581,15771.0
2025-07-02 20:14:00+00:00,2025-07-02 20:14:00+00:00,2025-07-02 20:14:00+00:00,2025-07-02 16:14:00-04:00,16:14:00,16,14,13.16,13.17,13.1535,13.165,34380.0
2025-07-02 20:15:00+00:00,2025-07-02 20:15:00+00:00,2025-07-02 20:15:00+00:00,2025-07-02 16:15:00-04:00,16:15:00,16,15,13.1646,13.17,13.16,13.16,14007.0
2025-07-02 20:16:00+00:00,2025-07-02 20:16:00+00:00,2025-07-02 20:16:00+00:00,2025-07-02 16:16:00-04:00,16:16:00,16,16,13.165,13.17,13.16,13.165,11751.0
2025-07-02 20:17:00+00:00,2025-07-02 20:17:00+00:00,2025-07-02 20:17:00+00:00,2025-07-02 16:17:00-04:00,16:17:00,16,17,13.1664,13.18,13.165,13.175,21266.0
2025-07-02 20:18:00+00:00,2025-07-02 20:18:00+00:00,2025-07-02 20:18:00+00:00,2025-07-02 16:18:00-04:00,16:18:00,16,18,13.171,13.185,13.17,13.185,29076.0
2025-07-02 20:19:00+00:00,2025-07-02 20:19:00+00:00,2025-07-02 20:19:00+00:00,2025-07-02 16:19:00-04:00,16:19:00,16,19,13.185,13.19,13.18,13.19,52986.0
2025-07-02 20:20:00+00:00,2025-07-02 20:20:00+00:00,2025-07-02 20:20:00+00:00,2025-07-02 16:20:00-04:00,16:20:00,16,20,13.19,13.215,13.19,13.21,66802.0
2025-07-02 20:21:00+00:00,2025-07-02 20:21:00+00:00,2025-07-02 20:21:00+00:00,2025-07-02 16:21:00-04:00,16:21:00,16,21,13.2065,13.21,13.2,13.2001,52502.0
2025-07-02 20:22:00+00:00,2025-07-02 20:22:00+00:00,2025-07-02 20:22:00+00:00,2025-07-02 16:22:00-04:00,16:22:00,16,22,13.205,13.205,13.19,13.19,20061.0
2025-07-02 20:23:00+00:00,2025-07-02 20:23:00+00:00,2025-07-02 20:23:00+00:00,2025-07-02 16:23:00-04:00,16:23:00,16,23,13.1926,13.2,13.19,13.2,26289.0
2025-07-02 20:24:00+00:00,2025-07-02 20:24:00+00:00,2025-07-02 20:24:00+00:00,2025-07-02 16:24:00-04:00,16:24:00,16,24,13.1975,13.205,13.1912,13.195,40471.0
2025-07-02 20:25:00+00:00,2025-07-02 20:25:00+00:00,2025-07-02 20:25:00+00:00,2025-07-02 16:25:00-04:00,16:25:00,16,25,13.19,13.2,13.19,13.19,20543.0
2025-07-02 20:26:00+00:00,2025-07-02 20:26:00+00:00,2025-07-02 20:26:00+00:00,2025-07-02 16:26:00-04:00,16:26:00,16,26,13.195,13.2,13.17,13.185,60293.0
2025-07-02 20:27:00+00:00,2025-07-02 20:27:00+00:00,2025-07-02 20:27:00+00:00,2025-07-02 16:27:00-04:00,16:27:00,16,27,13.185,13.2,13.1816,13.1923,27519.0
2025-07-02 20:28:00+00:00,2025-07-02 20:28:00+00:00,2025-07-02 20:28:00+00:00,2025-07-02 16:28:00-04:00,16:28:00,16,28,13.1901,13.2,13.19,13.195,18547.0
2025-07-02 20:29:00+00:00,2025-07-02 20:29:00+00:00,2025-07-02 20:29:00+00:00,2025-07-02 16:29:00-04:00,16:29:00,16,29,13.1951,13.1999,13.18,13.1871,19244.0
2025-07-02 20:30:00+00:00,2025-07-02 20:30:00+00:00,2025-07-02 20:30:00+00:00,2025-07-02 16:30:00-04:00,16:30:00,16,30,13.18,13.2,13.18,13.195,28559.0
2025-07-02 20:31:00+00:00,2025-07-02 20:31:00+00:00,2025-07-02 20:31:00+00:00,2025-07-02 16:31:00-04:00,16:31:00,16,31,13.2,13.205,13.19,13.195,38282.0
2025-07-02 20:32:00+00:00,2025-07-02 20:32:00+00:00,2025-07-02 20:32:00+00:00,2025-07-02 16:32:00-04:00,16:32:00,16,32,13.195,13.2,13.19,13.195,17706.0
2025-07-02 20:33:00+00:00,2025-07-02 20:33:00+00:00,2025-07-02 20:33:00+00:00,2025-07-02 16:33:00-04:00,16:33:00,16,33,13.19,13.21,13.19,13.205,26883.0
2025-07-02 20:34:00+00:00,2025-07-02 20:34:00+00:00,2025-07-02 20:34:00+00:00,2025-07-02 16:34:00-04:00,16:34:00,16,34,13.2025,13.21,13.2,13.21,10740.0
2025-07-02 20:35:00+00:00,2025-07-02 20:35:00+00:00,2025-07-02 20:35:00+00:00,2025-07-02 16:35:00-04:00,16:35:00,16,35,13.205,13.22,13.2023,13.2146,47285.0
2025-07-02 20:36:00+00:00,2025-07-02 20:36:00+00:00,2025-07-02 20:36:00+00:00,2025-07-02 16:36:00-04:00,16:36:00,16,36,13.215,13.22,13.205,13.22,53682.0
2025-07-02 20:37:00+00:00,2025-07-02 20:37:00+00:00,2025-07-02 20:37:00+00:00,2025-07-02 16:37:00-04:00,16:37:00,16,37,13.2115,13.22,13.2,13.2,34608.0
2025-07-02 20:38:00+00:00,2025-07-02 20:38:00+00:00,2025-07-02 20:38:00+00:00,2025-07-02 16:38:00-04:00,16:38:00,16,38,13.205,13.2051,13.19,13.2,61318.0
2025-07-02 20:39:00+00:00,2025-07-02 20:39:00+00:00,2025-07-02 20:39:00+00:00,2025-07-02 16:39:00-04:00,16:39:00,16,39,13.2,13.21,13.2,13.205,49409.0
2025-07-02 20:40:00+00:00,2025-07-02 20:40:00+00:00,2025-07-02 20:40:00+00:00,2025-07-02 16:40:00-04:00,16:40:00,16,40,13.205,13.205,13.19,13.195,30949.0
2025-07-02 20:41:00+00:00,2025-07-02 20:41:00+00:00,2025-07-02 20:41:00+00:00,2025-07-02 16:41:00-04:00,16:41:00,16,41,13.195,13.1959,13.19,13.1921,11869.0
2025-07-02 20:42:00+00:00,2025-07-02 20:42:00+00:00,2025-07-02 20:42:00+00:00,2025-07-02 16:42:00-04:00,16:42:00,16,42,13.195,13.22,13.1923,13.215,48007.0
2025-07-02 20:43:00+00:00,2025-07-02 20:43:00+00:00,2025-07-02 20:43:00+00:00,2025-07-02 16:43:00-04:00,16:43:00,16,43,13.215,13.22,13.21,13.2147,11214.0
2025-07-02 20:44:00+00:00,2025-07-02 20:44:00+00:00,2025-07-02 20:44:00+00:00,2025-07-02 16:44:00-04:00,16:44:00,16,44,13.215,13.22,13.21,13.215,19868.0
2025-07-02 20:45:00+00:00,2025-07-02 20:45:00+00:00,2025-07-02 20:45:00+00:00,2025-07-02 16:45:00-04:00,16:45:00,16,45,13.21,13.22,13.21,13.22,23948.0
2025-07-02 20:46:00+00:00,2025-07-02 20:46:00+00:00,2025-07-02 20:46:00+00:00,2025-07-02 16:46:00-04:00,16:46:00,16,46,13.22,13.22,13.2102,13.22,18440.0
2025-07-02 20:47:00+00:00,2025-07-02 20:47:00+00:00,2025-07-02 20:47:00+00:00,2025-07-02 16:47:00-04:00,16:47:00,16,47,13.215,13.23,13.215,13.225,56706.0
2025-07-02 20:48:00+00:00,2025-07-02 20:48:00+00:00,2025-07-02 20:48:00+00:00,2025-07-02 16:48:00-04:00,16:48:00,16,48,13.2217,13.23,13.22,13.225,41147.0
2025-07-02 20:49:00+00:00,2025-07-02 20:49:00+00:00,2025-07-02 20:49:00+00:00,2025-07-02 16:49:00-04:00,16:49:00,16,49,13.225,13.23,13.21,13.2271,43386.0
2025-07-02 20:50:00+00:00,2025-07-02 20:50:00+00:00,2025-07-02 20:50:00+00:00,2025-07-02 16:50:00-04:00,16:50:00,16,50,13.225,13.2297,13.2226,13.2259,17261.0
2025-07-02 20:51:00+00:00,2025-07-02 20:51:00+00:00,2025-07-02 20:51:00+00:00,2025-07-02 16:51:00-04:00,16:51:00,16,51,13.225,13.23,13.21,13.22,30538.0
2025-07-02 20:52:00+00:00,2025-07-02 20:52:00+00:00,2025-07-02 20:52:00+00:00,2025-07-02 16:52:00-04:00,16:52:00,16,52,13.2193,13.22,13.21,13.21,7207.0
2025-07-02 20:53:00+00:00,2025-07-02 20:53:00+00:00,2025-07-02 20:53:00+00:00,2025-07-02 16:53:00-04:00,16:53:00,16,53,13.22,13.22,13.21,13.215,16267.0
2025-07-02 20:54:00+00:00,2025-07-02 20:54:00+00:00,2025-07-02 20:54:00+00:00,2025-07-02 16:54:00-04:00,16:54:00,16,54,13.217,13.22,13.21,13.2123,12539.0
2025-07-02 20:55:00+00:00,2025-07-02 20:55:00+00:00,2025-07-02 20:55:00+00:00,2025-07-02 16:55:00-04:00,16:55:00,16,55,13.215,13.22,13.21,13.2133,39350.0
2025-07-02 20:56:00+00:00,2025-07-02 20:56:00+00:00,2025-07-02 20:56:00+00:00,2025-07-02 16:56:00-04:00,16:56:00,16,56,13.21,13.23,13.21,13.2201,53786.0
2025-07-02 20:57:00+00:00,2025-07-02 20:57:00+00:00,2025-07-02 20:57:00+00:00,2025-07-02 16:57:00-04:00,16:57:00,16,57,13.22,13.225,13.21,13.2233,40123.0
2025-07-02 20:58:00+00:00,2025-07-02 20:58:00+00:00,2025-07-02 20:58:00+00:00,2025-07-02 16:58:00-04:00,16:58:00,16,58,13.225,13.23,13.2215,13.23,13290.0
2025-07-02 20:59:00+00:00,2025-07-02 20:59:00+00:00,2025-07-02 20:59:00+00:00,2025-07-02 16:59:00-04:00,16:59:00,16,59,13.23,13.24,13.23,13.2301,52716.0
2025-07-02 21:00:00+00:00,2025-07-02 21:00:00+00:00,2025-07-02 21:00:00+00:00,2025-07-02 17:00:00-04:00,17:00:00,17,0,13.235,13.25,13.23,13.25,33889.0
2025-07-02 21:01:00+00:00,2025-07-02 21:01:00+00:00,2025-07-02 21:01:00+00:00,2025-07-02 17:01:00-04:00,17:01:00,17,1,13.25,13.25,13.235,13.235,32180.0
2025-07-02 21:02:00+00:00,2025-07-02 21:02:00+00:00,2025-07-02 21:02:00+00:00,2025-07-02 17:02:00-04:00,17:02:00,17,2,13.235,13.24,13.21,13.21,30904.0
2025-07-02 21:03:00+00:00,2025-07-02 21:03:00+00:00,2025-07-02 21:03:00+00:00,2025-07-02 17:03:00-04:00,17:03:00,17,3,13.21,13.215,13.19,13.21,45525.0
2025-07-02 21:04:00+00:00,2025-07-02 21:04:00+00:00,2025-07-02 21:04:00+00:00,2025-07-02 17:04:00-04:00,17:04:00,17,4,13.2018,13.21,13.2,13.21,25675.0
2025-07-02 21:05:00+00:00,2025-07-02 21:05:00+00:00,2025-07-02 21:05:00+00:00,2025-07-02 17:05:00-04:00,17:05:00,17,5,13.205,13.22,13.205,13.215,19154.0
2025-07-02 21:06:00+00:00,2025-07-02 21:06:00+00:00,2025-07-02 21:06:00+00:00,2025-07-02 17:06:00-04:00,17:06:00,17,6,13.2101,13.2154,13.2,13.2,38998.0
2025-07-02 21:07:00+00:00,2025-07-02 21:07:00+00:00,2025-07-02 21:07:00+00:00,2025-07-02 17:07:00-04:00,17:07:00,17,7,13.205,13.21,13.2,13.205,7264.0
2025-07-02 21:08:00+00:00,2025-07-02 21:08:00+00:00,2025-07-02 21:08:00+00:00,2025-07-02 17:08:00-04:00,17:08:00,17,8,13.2,13.205,13.185,13.19,45131.0
2025-07-02 21:09:00+00:00,2025-07-02 21:09:00+00:00,2025-07-02 21:09:00+00:00,2025-07-02 17:09:00-04:00,17:09:00,17,9,13.18,13.19,13.18,13.1816,23860.0
2025-07-02 21:10:00+00:00,2025-07-02 21:10:00+00:00,2025-07-02 21:10:00+00:00,2025-07-02 17:10:00-04:00,17:10:00,17,10,13.18,13.1899,13.17,13.175,59568.0
2025-07-02 21:11:00+00:00,2025-07-02 21:11:00+00:00,2025-07-02 21:11:00+00:00,2025-07-02 17:11:00-04:00,17:11:00,17,11,13.1727,13.18,13.17,13.18,20092.0
2025-07-02 21:12:00+00:00,2025-07-02 21:12:00+00:00,2025-07-02 21:12:00+00:00,2025-07-02 17:12:00-04:00,17:12:00,17,12,13.175,13.18,13.17,13.1799,20087.0
2025-07-02 21:13:00+00:00,2025-07-02 21:13:00+00:00,2025-07-02 21:13:00+00:00,2025-07-02 17:13:00-04:00,17:13:00,17,13,13.175,13.18,13.17,13.1701,24762.0
2025-07-02 21:14:00+00:00,2025-07-02 21:14:00+00:00,2025-07-02 21:14:00+00:00,2025-07-02 17:14:00-04:00,17:14:00,17,14,13.18,13.1866,13.17,13.17,40096.0
2025-07-02 21:15:00+00:00,2025-07-02 21:15:00+00:00,2025-07-02 21:15:00+00:00,2025-07-02 17:15:00-04:00,17:15:00,17,15,13.17,13.18,13.17,13.18,18511.0
2025-07-02 21:16:00+00:00,2025-07-02 21:16:00+00:00,2025-07-02 21:16:00+00:00,2025-07-02 17:16:00-04:00,17:16:00,17,16,13.17,13.18,13.17,13.1718,13966.0
2025-07-02 21:17:00+00:00,2025-07-02 21:17:00+00:00,2025-07-02 21:17:00+00:00,2025-07-02 17:17:00-04:00,17:17:00,17,17,13.175,13.19,13.165,13.1831,44728.0
2025-07-02 21:18:00+00:00,2025-07-02 21:18:00+00:00,2025-07-02 21:18:00+00:00,2025-07-02 17:18:00-04:00,17:18:00,17,18,13.19,13.1979,13.18,13.18,36970.0
2025-07-02 21:19:00+00:00,2025-07-02 21:19:00+00:00,2025-07-02 21:19:00+00:00,2025-07-02 17:19:00-04:00,17:19:00,17,19,13.18,13.19,13.18,13.1852,17844.0
2025-07-02 21:20:00+00:00,2025-07-02 21:20:00+00:00,2025-07-02 21:20:00+00:00,2025-07-02 17:20:00-04:00,17:20:00,17,20,13.18,13.1889,13.1745,13.1833,33135.0
2025-07-02 21:21:00+00:00,2025-07-02 21:21:00+00:00,2025-07-02 21:21:00+00:00,2025-07-02 17:21:00-04:00,17:21:00,17,21,13.1848,13.185,13.16,13.165,44107.0
2025-07-02 21:22:00+00:00,2025-07-02 21:22:00+00:00,2025-07-02 21:22:00+00:00,2025-07-02 17:22:00-04:00,17:22:00,17,22,13.1654,13.1674,13.16,13.16,18101.0
2025-07-02 21:23:00+00:00,2025-07-02 21:23:00+00:00,2025-07-02 21:23:00+00:00,2025-07-02 17:23:00-04:00,17:23:00,17,23,13.16,13.1699,13.15,13.16,50423.0
2025-07-02 21:24:00+00:00,2025-07-02 21:24:00+00:00,2025-07-02 21:24:00+00:00,2025-07-02 17:24:00-04:00,17:24:00,17,24,13.1669,13.18,13.165,13.17,40232.0
2025-07-02 21:25:00+00:00,2025-07-02 21:25:00+00:00,2025-07-02 21:25:00+00:00,2025-07-02 17:25:00-04:00,17:25:00,17,25,13.165,13.17,13.16,13.16,25986.0
2025-07-02 21:26:00+00:00,2025-07-02 21:26:00+00:00,2025-07-02 21:26:00+00:00,2025-07-02 17:26:00-04:00,17:26:00,17,26,13.16,13.17,13.15,13.17,60007.0
2025-07-02 21:27:00+00:00,2025-07-02 21:27:00+00:00,2025-07-02 21:27:00+00:00,2025-07-02 17:27:00-04:00,17:27:00,17,27,13.165,13.165,13.15,13.16,30469.0
2025-07-02 21:28:00+00:00,2025-07-02 21:28:00+00:00,2025-07-02 21:28:00+00:00,2025-07-02 17:28:00-04:00,17:28:00,17,28,13.16,13.17,13.16,13.165,9431.0
2025-07-02 21:29:00+00:00,2025-07-02 21:29:00+00:00,2025-07-02 21:29:00+00:00,2025-07-02 17:29:00-04:00,17:29:00,17,29,13.165,13.18,13.16,13.17,31087.0
2025-07-02 21:30:00+00:00,2025-07-02 21:30:00+00:00,2025-07-02 21:30:00+00:00,2025-07-02 17:30:00-04:00,17:30:00,17,30,13.17,13.175,13.15,13.15,79804.0
2025-07-02 21:31:00+00:00,2025-07-02 21:31:00+00:00,2025-07-02 21:31:00+00:00,2025-07-02 17:31:00-04:00,17:31:00,17,31,13.155,13.155,13.14,13.145,53390.0
2025-07-02 21:32:00+00:00,2025-07-02 21:32:00+00:00,2025-07-02 21:32:00+00:00,2025-07-02 17:32:00-04:00,17:32:00,17,32,13.145,13.15,13.14,13.15,21928.0
2025-07-02 21:33:00+00:00,2025-07-02 21:33:00+00:00,2025-07-02 21:33:00+00:00,2025-07-02 17:33:00-04:00,17:33:00,17,33,13.1499,13.1499,13.13,13.14,17063.0
2025-07-02 21:34:00+00:00,2025-07-02 21:34:00+00:00,2025-07-02 21:34:00+00:00,2025-07-02 17:34:00-04:00,17:34:00,17,34,13.135,13.14,13.13,13.135,31297.0
2025-07-02 21:35:00+00:00,2025-07-02 21:35:00+00:00,2025-07-02 21:35:00+00:00,2025-07-02 17:35:00-04:00,17:35:00,17,35,13.13,13.14,13.13,13.13,14651.0
2025-07-02 21:36:00+00:00,2025-07-02 21:36:00+00:00,2025-07-02 21:36:00+00:00,2025-07-02 17:36:00-04:00,17:36:00,17,36,13.13,13.13,13.08,13.08,404892.0
2025-07-02 21:37:00+00:00,2025-07-02 21:37:00+00:00,2025-07-02 21:37:00+00:00,2025-07-02 17:37:00-04:00,17:37:00,17,37,13.0813,13.09,13.08,13.08,19418.0
2025-07-02 21:38:00+00:00,2025-07-02 21:38:00+00:00,2025-07-02 21:38:00+00:00,2025-07-02 17:38:00-04:00,17:38:00,17,38,13.0899,13.09,13.075,13.085,59573.0
2025-07-02 21:39:00+00:00,2025-07-02 21:39:00+00:00,2025-07-02 21:39:00+00:00,2025-07-02 17:39:00-04:00,17:39:00,17,39,13.085,13.085,13.07,13.075,32538.0
2025-07-02 21:40:00+00:00,2025-07-02 21:40:00+00:00,2025-07-02 21:40:00+00:00,2025-07-02 17:40:00-04:00,17:40:00,17,40,13.0765,13.08,13.07,13.075,30901.0
2025-07-02 21:41:00+00:00,2025-07-02 21:41:00+00:00,2025-07-02 21:41:00+00:00,2025-07-02 17:41:00-04:00,17:41:00,17,41,13.075,13.075,13.06,13.065,49324.0
2025-07-02 21:42:00+00:00,2025-07-02 21:42:00+00:00,2025-07-02 21:42:00+00:00,2025-07-02 17:42:00-04:00,17:42:00,17,42,13.065,13.07,13.06,13.065,68035.0
2025-07-02 21:43:00+00:00,2025-07-02 21:43:00+00:00,2025-07-02 21:43:00+00:00,2025-07-02 17:43:00-04:00,17:43:00,17,43,13.0652,13.0699,13.06,13.06,33325.0
2025-07-02 21:44:00+00:00,2025-07-02 21:44:00+00:00,2025-07-02 21:44:00+00:00,2025-07-02 17:44:00-04:00,17:44:00,17,44,13.0676,13.07,13.06,13.065,21349.0
2025-07-02 21:45:00+00:00,2025-07-02 21:45:00+00:00,2025-07-02 21:45:00+00:00,2025-07-02 17:45:00-04:00,17:45:00,17,45,13.06,13.07,13.05,13.055,88148.0
2025-07-02 21:46:00+00:00,2025-07-02 21:46:00+00:00,2025-07-02 21:46:00+00:00,2025-07-02 17:46:00-04:00,17:46:00,17,46,13.05,13.06,13.04,13.045,58518.0
2025-07-02 21:47:00+00:00,2025-07-02 21:47:00+00:00,2025-07-02 21:47:00+00:00,2025-07-02 17:47:00-04:00,17:47:00,17,47,13.0499,13.05,13.04,13.04,37811.0
2025-07-02 21:48:00+00:00,2025-07-02 21:48:00+00:00,2025-07-02 21:48:00+00:00,2025-07-02 17:48:00-04:00,17:48:00,17,48,13.04,13.0474,13.03,13.03,99227.0
2025-07-02 21:49:00+00:00,2025-07-02 21:49:00+00:00,2025-07-02 21:49:00+00:00,2025-07-02 17:49:00-04:00,17:49:00,17,49,13.0333,13.0467,13.0333,13.035,24633.0
2025-07-02 21:50:00+00:00,2025-07-02 21:50:00+00:00,2025-07-02 21:50:00+00:00,2025-07-02 17:50:00-04:00,17:50:00,17,50,13.0317,13.04,13.02,13.025,78805.0
2025-07-02 21:51:00+00:00,2025-07-02 21:51:00+00:00,2025-07-02 21:51:00+00:00,2025-07-02 17:51:00-04:00,17:51:00,17,51,13.025,13.0299,13.02,13.025,35234.0
2025-07-02 21:52:00+00:00,2025-07-02 21:52:00+00:00,2025-07-02 21:52:00+00:00,2025-07-02 17:52:00-04:00,17:52:00,17,52,13.025,13.03,13.02,13.025,49467.0
2025-07-02 21:53:00+00:00,2025-07-02 21:53:00+00:00,2025-07-02 21:53:00+00:00,2025-07-02 17:53:00-04:00,17:53:00,17,53,13.0285,13.03,12.99,12.99,575014.0
2025-07-02 21:54:00+00:00,2025-07-02 21:54:00+00:00,2025-07-02 21:54:00+00:00,2025-07-02 17:54:00-04:00,17:54:00,17,54,13.0,13.0,12.96,12.97,134539.0
2025-07-02 21:55:00+00:00,2025-07-02 21:55:00+00:00,2025-07-02 21:55:00+00:00,2025-07-02 17:55:00-04:00,17:55:00,17,55,12.96,12.99,12.96,12.99,142697.0
2025-07-02 21:56:00+00:00,2025-07-02 21:56:00+00:00,2025-07-02 21:56:00+00:00,2025-07-02 17:56:00-04:00,17:56:00,17,56,12.9846,12.995,12.98,12.9851,82060.0
2025-07-02 21:57:00+00:00,2025-07-02 21:57:00+00:00,2025-07-02 21:57:00+00:00,2025-07-02 17:57:00-04:00,17:57:00,17,57,12.9899,13.0,12.98,12.985,171438.0
2025-07-02 21:58:00+00:00,2025-07-02 21:58:00+00:00,2025-07-02 21:58:00+00:00,2025-07-02 17:58:00-04:00,17:58:00,17,58,12.985,12.995,12.9746,12.985,93046.0
2025-07-02 21:59:00+00:00,2025-07-02 21:59:00+00:00,2025-07-02 21:59:00+00:00,2025-07-02 17:59:00-04:00,17:59:00,17,59,12.9899,12.99,12.97,12.975,85613.0
2025-07-02 22:00:00+00:00,2025-07-02 22:00:00+00:00,2025-07-02 22:00:00+00:00,2025-07-02 18:00:00-04:00,18:00:00,18,0,12.97,12.98,12.97,12.975,58126.0
2025-07-02 22:01:00+00:00,2025-07-02 22:01:00+00:00,2025-07-02 22:01:00+00:00,2025-07-02 18:01:00-04:00,18:01:00,18,1,12.975,13.0,12.9748,12.9873,112115.0
2025-07-02 22:02:00+00:00,2025-07-02 22:02:00+00:00,2025-07-02 22:02:00+00:00,2025-07-02 18:02:00-04:00,18:02:00,18,2,12.98,13.005,12.98,12.9999,127488.0
2025-07-02 22:03:00+00:00,2025-07-02 22:03:00+00:00,2025-07-02 22:03:00+00:00,2025-07-02 18:03:00-04:00,18:03:00,18,3,12.9983,13.0,12.99,12.995,41224.0
2025-07-02 22:04:00+00:00,2025-07-02 22:04:00+00:00,2025-07-02 22:04:00+00:00,2025-07-02 18:04:00-04:00,18:04:00,18,4,12.9947,13.0,12.99,12.995,114301.0
2025-07-02 22:05:00+00:00,2025-07-02 22:05:00+00:00,2025-07-02 22:05:00+00:00,2025-07-02 18:05:00-04:00,18:05:00,18,5,12.995,13.0,12.99,12.995,30065.0
2025-07-02 22:06:00+00:00,2025-07-02 22:06:00+00:00,2025-07-02 22:06:00+00:00,2025-07-02 18:06:00-04:00,18:06:00,18,6,12.995,13.0,12.9801,12.9853,99044.0
2025-07-02 22:07:00+00:00,2025-07-02 22:07:00+00:00,2025-07-02 22:07:00+00:00,2025-07-02 18:07:00-04:00,18:07:00,18,7,12.98,12.985,12.96,12.97,149930.0
2025-07-02 22:08:00+00:00,2025-07-02 22:08:00+00:00,2025-07-02 22:08:00+00:00,2025-07-02 18:08:00-04:00,18:08:00,18,8,12.975,12.9784,12.9631,12.965,52720.0
2025-07-02 22:09:00+00:00,2025-07-02 22:09:00+00:00,2025-07-02 22:09:00+00:00,2025-07-02 18:09:00-04:00,18:09:00,18,9,12.965,12.97,12.96,12.965,94114.0
2025-07-02 22:10:00+00:00,2025-07-02 22:10:00+00:00,2025-07-02 22:10:00+00:00,2025-07-02 18:10:00-04:00,18:10:00,18,10,12.9672,12.97,12.96,12.965,31426.0
2025-07-02 22:11:00+00:00,2025-07-02 22:11:00+00:00,2025-07-02 22:11:00+00:00,2025-07-02 18:11:00-04:00,18:11:00,18,11,12.965,12.98,12.96,12.975,82127.0
2025-07-02 22:12:00+00:00,2025-07-02 22:12:00+00:00,2025-07-02 22:12:00+00:00,2025-07-02 18:12:00-04:00,18:12:00,18,12,12.9798,12.99,12.97,12.9852,54629.0
2025-07-02 22:13:00+00:00,2025-07-02 22:13:00+00:00,2025-07-02 22:13:00+00:00,2025-07-02 18:13:00-04:00,18:13:00,18,13,12.985,12.99,12.975,12.9801,58193.0
2025-07-02 22:14:00+00:00,2025-07-02 22:14:00+00:00,2025-07-02 22:14:00+00:00,2025-07-02 18:14:00-04:00,18:14:00,18,14,12.99,13.0,12.98,12.9833,53580.0
2025-07-02 22:15:00+00:00,2025-07-02 22:15:00+00:00,2025-07-02 22:15:00+00:00,2025-07-02 18:15:00-04:00,18:15:00,18,15,12.985,12.99,12.98,12.985,24178.0
2025-07-02 22:16:00+00:00,2025-07-02 22:16:00+00:00,2025-07-02 22:16:00+00:00,2025-07-02 18:16:00-04:00,18:16:00,18,16,12.985,12.99,12.98,12.985,35753.0
2025-07-02 22:17:00+00:00,2025-07-02 22:17:00+00:00,2025-07-02 22:17:00+00:00,2025-07-02 18:17:00-04:00,18:17:00,18,17,12.985,13.0,12.985,13.0,18775.0
2025-07-02 22:18:00+00:00,2025-07-02 22:18:00+00:00,2025-07-02 22:18:00+00:00,2025-07-02 18:18:00-04:00,18:18:00,18,18,12.995,13.0,12.99,12.995,17257.0
2025-07-02 22:19:00+00:00,2025-07-02 22:19:00+00:00,2025-07-02 22:19:00+00:00,2025-07-02 18:19:00-04:00,18:19:00,18,19,12.995,13.0,12.99,12.995,48542.0
2025-07-02 22:20:00+00:00,2025-07-02 22:20:00+00:00,2025-07-02 22:20:00+00:00,2025-07-02 18:20:00-04:00,18:20:00,18,20,12.99,13.02,12.99,13.005,94081.0
2025-07-02 22:21:00+00:00,2025-07-02 22:21:00+00:00,2025-07-02 22:21:00+00:00,2025-07-02 18:21:00-04:00,18:21:00,18,21,13.005,13.01,12.99,12.995,56550.0
2025-07-02 22:22:00+00:00,2025-07-02 22:22:00+00:00,2025-07-02 22:22:00+00:00,2025-07-02 18:22:00-04:00,18:22:00,18,22,12.995,13.0,12.99,12.9999,30963.0
2025-07-02 22:23:00+00:00,2025-07-02 22:23:00+00:00,2025-07-02 22:23:00+00:00,2025-07-02 18:23:00-04:00,18:23:00,18,23,12.9946,13.0051,12.99,13.005,76327.0
2025-07-02 22:24:00+00:00,2025-07-02 22:24:00+00:00,2025-07-02 22:24:00+00:00,2025-07-02 18:24:00-04:00,18:24:00,18,24,13.0,13.005,12.99,12.995,47189.0
2025-07-02 22:25:00+00:00,2025-07-02 22:25:00+00:00,2025-07-02 22:25:00+00:00,2025-07-02 18:25:00-04:00,18:25:00,18,25,12.99,12.99,12.98,12.98,54215.0
2025-07-02 22:26:00+00:00,2025-07-02 22:26:00+00:00,2025-07-02 22:26:00+00:00,2025-07-02 18:26:00-04:00,18:26:00,18,26,12.9867,12.9897,12.975,12.975,110728.0
2025-07-02 22:27:00+00:00,2025-07-02 22:27:00+00:00,2025-07-02 22:27:00+00:00,2025-07-02 18:27:00-04:00,18:27:00,18,27,12.9736,12.98,12.97,12.97,62896.0
2025-07-02 22:28:00+00:00,2025-07-02 22:28:00+00:00,2025-07-02 22:28:00+00:00,2025-07-02 18:28:00-04:00,18:28:00,18,28,12.97,12.9799,12.97,12.975,17971.0
2025-07-02 22:29:00+00:00,2025-07-02 22:29:00+00:00,2025-07-02 22:29:00+00:00,2025-07-02 18:29:00-04:00,18:29:00,18,29,12.9701,12.98,12.97,12.975,25333.0
2025-07-02 22:30:00+00:00,2025-07-02 22:30:00+00:00,2025-07-02 22:30:00+00:00,2025-07-02 18:30:00-04:00,18:30:00,18,30,12.975,12.99,12.97,12.985,48172.0
2025-07-02 22:31:00+00:00,2025-07-02 22:31:00+00:00,2025-07-02 22:31:00+00:00,2025-07-02 18:31:00-04:00,18:31:00,18,31,12.9899,12.99,12.98,12.985,15836.0
2025-07-02 22:32:00+00:00,2025-07-02 22:32:00+00:00,2025-07-02 22:32:00+00:00,2025-07-02 18:32:00-04:00,18:32:00,18,32,12.9893,12.99,12.98,12.9844,38941.0
2025-07-02 22:33:00+00:00,2025-07-02 22:33:00+00:00,2025-07-02 22:33:00+00:00,2025-07-02 18:33:00-04:00,18:33:00,18,33,12.9851,12.99,12.975,12.975,54870.0
2025-07-02 22:34:00+00:00,2025-07-02 22:34:00+00:00,2025-07-02 22:34:00+00:00,2025-07-02 18:34:00-04:00,18:34:00,18,34,12.9732,12.98,12.97,12.975,49466.0
2025-07-02 22:35:00+00:00,2025-07-02 22:35:00+00:00,2025-07-02 22:35:00+00:00,2025-07-02 18:35:00-04:00,18:35:00,18,35,12.9799,12.99,12.97,12.985,75933.0
2025-07-02 22:36:00+00:00,2025-07-02 22:36:00+00:00,2025-07-02 22:36:00+00:00,2025-07-02 18:36:00-04:00,18:36:00,18,36,12.98,12.99,12.98,12.985,37675.0
2025-07-02 22:37:00+00:00,2025-07-02 22:37:00+00:00,2025-07-02 22:37:00+00:00,2025-07-02 18:37:00-04:00,18:37:00,18,37,12.985,13.0,12.98,12.995,67900.0
2025-07-02 22:38:00+00:00,2025-07-02 22:38:00+00:00,2025-07-02 22:38:00+00:00,2025-07-02 18:38:00-04:00,18:38:00,18,38,13.0,13.0,12.98,12.9901,44127.0
2025-07-02 22:39:00+00:00,2025-07-02 22:39:00+00:00,2025-07-02 22:39:00+00:00,2025-07-02 18:39:00-04:00,18:39:00,18,39,12.995,13.0,12.99,12.995,38947.0
2025-07-02 22:40:00+00:00,2025-07-02 22:40:00+00:00,2025-07-02 22:40:00+00:00,2025-07-02 18:40:00-04:00,18:40:00,18,40,12.99,13.01,12.99,13.01,57651.0
2025-07-02 22:41:00+00:00,2025-07-02 22:41:00+00:00,2025-07-02 22:41:00+00:00,2025-07-02 18:41:00-04:00,18:41:00,18,41,13.005,13.01,13.0,13.005,30809.0
2025-07-02 22:42:00+00:00,2025-07-02 22:42:00+00:00,2025-07-02 22:42:00+00:00,2025-07-02 18:42:00-04:00,18:42:00,18,42,13.005,13.01,12.99,13.0049,108910.0
2025-07-02 22:43:00+00:00,2025-07-02 22:43:00+00:00,2025-07-02 22:43:00+00:00,2025-07-02 18:43:00-04:00,18:43:00,18,43,13.0,13.01,13.0,13.005,36673.0
2025-07-02 22:44:00+00:00,2025-07-02 22:44:00+00:00,2025-07-02 22:44:00+00:00,2025-07-02 18:44:00-04:00,18:44:00,18,44,13.0048,13.01,13.0,13.005,38572.0
2025-07-02 22:45:00+00:00,2025-07-02 22:45:00+00:00,2025-07-02 22:45:00+00:00,2025-07-02 18:45:00-04:00,18:45:00,18,45,13.0081,13.01,13.0,13.0,19171.0
2025-07-02 22:46:00+00:00,2025-07-02 22:46:00+00:00,2025-07-02 22:46:00+00:00,2025-07-02 18:46:00-04:00,18:46:00,18,46,13.005,13.03,13.005,13.0101,90390.0
2025-07-02 22:47:00+00:00,2025-07-02 22:47:00+00:00,2025-07-02 22:47:00+00:00,2025-07-02 18:47:00-04:00,18:47:00,18,47,13.015,13.0388,13.01,13.0388,47733.0
2025-07-02 22:48:00+00:00,2025-07-02 22:48:00+00:00,2025-07-02 22:48:00+00:00,2025-07-02 18:48:00-04:00,18:48:00,18,48,13.0333,13.04,13.03,13.03,17401.0
2025-07-02 22:49:00+00:00,2025-07-02 22:49:00+00:00,2025-07-02 22:49:00+00:00,2025-07-02 18:49:00-04:00,18:49:00,18,49,13.0367,13.05,13.03,13.035,95023.0
2025-07-02 22:50:00+00:00,2025-07-02 22:50:00+00:00,2025-07-02 22:50:00+00:00,2025-07-02 18:50:00-04:00,18:50:00,18,50,13.035,13.047,13.03,13.0421,71303.0
2025-07-02 22:51:00+00:00,2025-07-02 22:51:00+00:00,2025-07-02 22:51:00+00:00,2025-07-02 18:51:00-04:00,18:51:00,18,51,13.05,13.05,13.04,13.045,37847.0
2025-07-02 22:52:00+00:00,2025-07-02 22:52:00+00:00,2025-07-02 22:52:00+00:00,2025-07-02 18:52:00-04:00,18:52:00,18,52,13.045,13.05,13.04,13.045,19800.0
2025-07-02 22:53:00+00:00,2025-07-02 22:53:00+00:00,2025-07-02 22:53:00+00:00,2025-07-02 18:53:00-04:00,18:53:00,18,53,13.045,13.05,13.02,13.025,63410.0
2025-07-02 22:54:00+00:00,2025-07-02 22:54:00+00:00,2025-07-02 22:54:00+00:00,2025-07-02 18:54:00-04:00,18:54:00,18,54,13.0257,13.04,13.0257,13.035,71132.0
2025-07-02 22:55:00+00:00,2025-07-02 22:55:00+00:00,2025-07-02 22:55:00+00:00,2025-07-02 18:55:00-04:00,18:55:00,18,55,13.0322,13.045,13.02,13.0201,109764.0
2025-07-02 22:56:00+00:00,2025-07-02 22:56:00+00:00,2025-07-02 22:56:00+00:00,2025-07-02 18:56:00-04:00,18:56:00,18,56,13.02,13.02,13.0,13.0099,53120.0
2025-07-02 22:57:00+00:00,2025-07-02 22:57:00+00:00,2025-07-02 22:57:00+00:00,2025-07-02 18:57:00-04:00,18:57:00,18,57,13.0077,13.01,12.99,13.005,108791.0
2025-07-02 22:58:00+00:00,2025-07-02 22:58:00+00:00,2025-07-02 22:58:00+00:00,2025-07-02 18:58:00-04:00,18:58:00,18,58,13.0091,13.01,12.99,12.99,34125.0
2025-07-02 22:59:00+00:00,2025-07-02 22:59:00+00:00,2025-07-02 22:59:00+00:00,2025-07-02 18:59:00-04:00,18:59:00,18,59,12.99,12.9999,12.99,12.995,46950.0
2025-07-02 23:00:00+00:00,2025-07-02 23:00:00+00:00,2025-07-02 23:00:00+00:00,2025-07-02 19:00:00-04:00,19:00:00,19,0,12.9999,13.01,12.99,13.005,66886.0
2025-07-02 23:01:00+00:00,2025-07-02 23:01:00+00:00,2025-07-02 23:01:00+00:00,2025-07-02 19:01:00-04:00,19:01:00,19,1,13.01,13.02,13.005,13.0101,246185.0
2025-07-02 23:02:00+00:00,2025-07-02 23:02:00+00:00,2025-07-02 23:02:00+00:00,2025-07-02 19:02:00-04:00,19:02:00,19,2,13.015,13.0181,13.0,13.005,52250.0
2025-07-02 23:03:00+00:00,2025-07-02 23:03:00+00:00,2025-07-02 23:03:00+00:00,2025-07-02 19:03:00-04:00,19:03:00,19,3,13.005,13.01,12.99,12.995,123367.0
2025-07-02 23:04:00+00:00,2025-07-02 23:04:00+00:00,2025-07-02 23:04:00+00:00,2025-07-02 19:04:00-04:00,19:04:00,19,4,12.995,13.0,12.98,12.98,128861.0
2025-07-02 23:05:00+00:00,2025-07-02 23:05:00+00:00,2025-07-02 23:05:00+00:00,2025-07-02 19:05:00-04:00,19:05:00,19,5,12.985,12.99,12.98,12.98,148527.0
2025-07-02 23:06:00+00:00,2025-07-02 23:06:00+00:00,2025-07-02 23:06:00+00:00,2025-07-02 19:06:00-04:00,19:06:00,19,6,12.9899,13.01,12.98,13.0023,92225.0
2025-07-02 23:07:00+00:00,2025-07-02 23:07:00+00:00,2025-07-02 23:07:00+00:00,2025-07-02 19:07:00-04:00,19:07:00,19,7,13.005,13.035,13.005,13.025,68015.0
2025-07-02 23:08:00+00:00,2025-07-02 23:08:00+00:00,2025-07-02 23:08:00+00:00,2025-07-02 19:08:00-04:00,19:08:00,19,8,13.025,13.03,12.99,12.9952,44463.0
2025-07-02 23:09:00+00:00,2025-07-02 23:09:00+00:00,2025-07-02 23:09:00+00:00,2025-07-02 19:09:00-04:00,19:09:00,19,9,12.995,12.9999,12.99,12.9965,37356.0
2025-07-02 23:10:00+00:00,2025-07-02 23:10:00+00:00,2025-07-02 23:10:00+00:00,2025-07-02 19:10:00-04:00,19:10:00,19,10,12.995,12.9999,12.99,12.9953,31645.0
2025-07-02 23:11:00+00:00,2025-07-02 23:11:00+00:00,2025-07-02 23:11:00+00:00,2025-07-02 19:11:00-04:00,19:11:00,19,11,12.99,13.0,12.99,12.99,25564.0
2025-07-02 23:12:00+00:00,2025-07-02 23:12:00+00:00,2025-07-02 23:12:00+00:00,2025-07-02 19:12:00-04:00,19:12:00,19,12,12.99,13.0,12.985,12.99,68166.0
2025-07-02 23:13:00+00:00,2025-07-02 23:13:00+00:00,2025-07-02 23:13:00+00:00,2025-07-02 19:13:00-04:00,19:13:00,19,13,12.9913,12.9999,12.99,12.99,28737.0
2025-07-02 23:14:00+00:00,2025-07-02 23:14:00+00:00,2025-07-02 23:14:00+00:00,2025-07-02 19:14:00-04:00,19:14:00,19,14,12.995,13.0,12.98,12.98,42684.0
2025-07-02 23:15:00+00:00,2025-07-02 23:15:00+00:00,2025-07-02 23:15:00+00:00,2025-07-02 19:15:00-04:00,19:15:00,19,15,12.9898,12.99,12.98,12.98,36196.0
2025-07-02 23:16:00+00:00,2025-07-02 23:16:00+00:00,2025-07-02 23:16:00+00:00,2025-07-02 19:16:00-04:00,19:16:00,19,16,12.9899,12.9899,12.97,12.9748,90780.0
2025-07-02 23:17:00+00:00,2025-07-02 23:17:00+00:00,2025-07-02 23:17:00+00:00,2025-07-02 19:17:00-04:00,19:17:00,19,17,12.9731,12.98,12.97,12.97,39112.0
2025-07-02 23:18:00+00:00,2025-07-02 23:18:00+00:00,2025-07-02 23:18:00+00:00,2025-07-02 19:18:00-04:00,19:18:00,19,18,12.9723,12.9799,12.97,12.975,21957.0
2025-07-02 23:19:00+00:00,2025-07-02 23:19:00+00:00,2025-07-02 23:19:00+00:00,2025-07-02 19:19:00-04:00,19:19:00,19,19,12.975,12.98,12.97,12.975,38846.0
2025-07-02 23:20:00+00:00,2025-07-02 23:20:00+00:00,2025-07-02 23:20:00+00:00,2025-07-02 19:20:00-04:00,19:20:00,19,20,12.9707,12.975,12.91,12.92,569113.0
2025-07-02 23:21:00+00:00,2025-07-02 23:21:00+00:00,2025-07-02 23:21:00+00:00,2025-07-02 19:21:00-04:00,19:21:00,19,21,12.93,12.93,12.92,12.925,36372.0
2025-07-02 23:22:00+00:00,2025-07-02 23:22:00+00:00,2025-07-02 23:22:00+00:00,2025-07-02 19:22:00-04:00,19:22:00,19,22,12.925,12.93,12.91,12.91,91538.0
2025-07-02 23:23:00+00:00,2025-07-02 23:23:00+00:00,2025-07-02 23:23:00+00:00,2025-07-02 19:23:00-04:00,19:23:00,19,23,12.915,12.93,12.9107,12.925,97773.0
2025-07-02 23:24:00+00:00,2025-07-02 23:24:00+00:00,2025-07-02 23:24:00+00:00,2025-07-02 19:24:00-04:00,19:24:00,19,24,12.925,12.93,12.92,12.9288,30512.0
2025-07-02 23:25:00+00:00,2025-07-02 23:25:00+00:00,2025-07-02 23:25:00+00:00,2025-07-02 19:25:00-04:00,19:25:00,19,25,12.9299,12.93,12.9119,12.9119,107656.0
2025-07-02 23:26:00+00:00,2025-07-02 23:26:00+00:00,2025-07-02 23:26:00+00:00,2025-07-02 19:26:00-04:00,19:26:00,19,26,12.915,12.92,12.91,12.915,92802.0
2025-07-02 23:27:00+00:00,2025-07-02 23:27:00+00:00,2025-07-02 23:27:00+00:00,2025-07-02 19:27:00-04:00,19:27:00,19,27,12.915,12.92,12.9,12.905,394000.0
2025-07-02 23:28:00+00:00,2025-07-02 23:28:00+00:00,2025-07-02 23:28:00+00:00,2025-07-02 19:28:00-04:00,19:28:00,19,28,12.905,12.91,12.9,12.9075,62118.0
2025-07-02 23:29:00+00:00,2025-07-02 23:29:00+00:00,2025-07-02 23:29:00+00:00,2025-07-02 19:29:00-04:00,19:29:00,19,29,12.9075,12.91,12.9,12.9,131815.0
2025-07-02 23:30:00+00:00,2025-07-02 23:30:00+00:00,2025-07-02 23:30:00+00:00,2025-07-02 19:30:00-04:00,19:30:00,19,30,12.9059,12.91,12.88,12.882,292248.0
2025-07-02 23:31:00+00:00,2025-07-02 23:31:00+00:00,2025-07-02 23:31:00+00:00,2025-07-02 19:31:00-04:00,19:31:00,19,31,12.8868,12.89,12.87,12.8869,181886.0
2025-07-02 23:32:00+00:00,2025-07-02 23:32:00+00:00,2025-07-02 23:32:00+00:00,2025-07-02 19:32:00-04:00,19:32:00,19,32,12.89,12.9,12.88,12.88,158013.0
2025-07-02 23:33:00+00:00,2025-07-02 23:33:00+00:00,2025-07-02 23:33:00+00:00,2025-07-02 19:33:00-04:00,19:33:00,19,33,12.88,12.89,12.87,12.885,176720.0
2025-07-02 23:34:00+00:00,2025-07-02 23:34:00+00:00,2025-07-02 23:34:00+00:00,2025-07-02 19:34:00-04:00,19:34:00,19,34,12.8867,12.9,12.88,12.9,135403.0
2025-07-02 23:35:00+00:00,2025-07-02 23:35:00+00:00,2025-07-02 23:35:00+00:00,2025-07-02 19:35:00-04:00,19:35:00,19,35,12.895,12.9,12.89,12.89,62600.0
2025-07-02 23:36:00+00:00,2025-07-02 23:36:00+00:00,2025-07-02 23:36:00+00:00,2025-07-02 19:36:00-04:00,19:36:00,19,36,12.895,12.9,12.87,12.885,228050.0
2025-07-02 23:37:00+00:00,2025-07-02 23:37:00+00:00,2025-07-02 23:37:00+00:00,2025-07-02 19:37:00-04:00,19:37:00,19,37,12.885,12.89,12.88,12.88,22173.0
2025-07-02 23:38:00+00:00,2025-07-02 23:38:00+00:00,2025-07-02 23:38:00+00:00,2025-07-02 19:38:00-04:00,19:38:00,19,38,12.885,12.8999,12.88,12.89,51310.0
2025-07-02 23:39:00+00:00,2025-07-02 23:39:00+00:00,2025-07-02 23:39:00+00:00,2025-07-02 19:39:00-04:00,19:39:00,19,39,12.895,12.895,12.88,12.885,52785.0
2025-07-02 23:40:00+00:00,2025-07-02 23:40:00+00:00,2025-07-02 23:40:00+00:00,2025-07-02 19:40:00-04:00,19:40:00,19,40,12.885,12.8899,12.87,12.88,82502.0
2025-07-02 23:41:00+00:00,2025-07-02 23:41:00+00:00,2025-07-02 23:41:00+00:00,2025-07-02 19:41:00-04:00,19:41:00,19,41,12.875,12.89,12.87,12.885,93391.0
2025-07-02 23:42:00+00:00,2025-07-02 23:42:00+00:00,2025-07-02 23:42:00+00:00,2025-07-02 19:42:00-04:00,19:42:00,19,42,12.885,12.89,12.86,12.865,230543.0
2025-07-02 23:43:00+00:00,2025-07-02 23:43:00+00:00,2025-07-02 23:43:00+00:00,2025-07-02 19:43:00-04:00,19:43:00,19,43,12.87,12.87,12.86,12.865,79138.0
2025-07-02 23:44:00+00:00,2025-07-02 23:44:00+00:00,2025-07-02 23:44:00+00:00,2025-07-02 19:44:00-04:00,19:44:00,19,44,12.865,12.87,12.85,12.855,187575.0
2025-07-02 23:45:00+00:00,2025-07-02 23:45:00+00:00,2025-07-02 23:45:00+00:00,2025-07-02 19:45:00-04:00,19:45:00,19,45,12.855,12.86,12.83,12.83,389990.0
2025-07-02 23:46:00+00:00,2025-07-02 23:46:00+00:00,2025-07-02 23:46:00+00:00,2025-07-02 19:46:00-04:00,19:46:00,19,46,12.835,12.85,12.83,12.8433,178324.0
2025-07-02 23:47:00+00:00,2025-07-02 23:47:00+00:00,2025-07-02 23:47:00+00:00,2025-07-02 19:47:00-04:00,19:47:00,19,47,12.8428,12.9,12.84,12.895,227719.0
2025-07-02 23:48:00+00:00,2025-07-02 23:48:00+00:00,2025-07-02 23:48:00+00:00,2025-07-02 19:48:00-04:00,19:48:00,19,48,12.8979,12.9281,12.89,12.925,234951.0
2025-07-02 23:49:00+00:00,2025-07-02 23:49:00+00:00,2025-07-02 23:49:00+00:00,2025-07-02 19:49:00-04:00,19:49:00,19,49,12.92,12.925,12.895,12.905,185033.0
2025-07-02 23:50:00+00:00,2025-07-02 23:50:00+00:00,2025-07-02 23:50:00+00:00,2025-07-02 19:50:00-04:00,19:50:00,19,50,12.91,12.92,12.905,12.91,117422.0
2025-07-02 23:51:00+00:00,2025-07-02 23:51:00+00:00,2025-07-02 23:51:00+00:00,2025-07-02 19:51:00-04:00,19:51:00,19,51,12.9179,12.9397,12.9,12.925,513751.0
2025-07-02 23:52:00+00:00,2025-07-02 23:52:00+00:00,2025-07-02 23:52:00+00:00,2025-07-02 19:52:00-04:00,19:52:00,19,52,12.925,12.93,12.89,12.895,186902.0
2025-07-02 23:53:00+00:00,2025-07-02 23:53:00+00:00,2025-07-02 23:53:00+00:00,2025-07-02 19:53:00-04:00,19:53:00,19,53,12.895,12.91,12.88,12.9,220575.0
2025-07-02 23:54:00+00:00,2025-07-02 23:54:00+00:00,2025-07-02 23:54:00+00:00,2025-07-02 19:54:00-04:00,19:54:00,19,54,12.9,12.92,12.89,12.915,193853.0
2025-07-02 23:55:00+00:00,2025-07-02 23:55:00+00:00,2025-07-02 23:55:00+00:00,2025-07-02 19:55:00-04:00,19:55:00,19,55,12.92,12.92,12.88,12.895,265836.0
2025-07-02 23:56:00+00:00,2025-07-02 23:56:00+00:00,2025-07-02 23:56:00+00:00,2025-07-02 19:56:00-04:00,19:56:00,19,56,12.895,12.9,12.87,12.8763,338020.0
2025-07-02 23:57:00+00:00,2025-07-02 23:57:00+00:00,2025-07-02 23:57:00+00:00,2025-07-02 19:57:00-04:00,19:57:00,19,57,12.87,12.9,12.87,12.895,356656.0
2025-07-02 23:58:00+00:00,2025-07-02 23:58:00+00:00,2025-07-02 23:58:00+00:00,2025-07-02 19:58:00-04:00,19:58:00,19,58,12.89,12.9,12.87,12.88,637796.0
2025-07-02 23:59:00+00:00,2025-07-02 23:59:00+00:00,2025-07-02 23:59:00+00:00,2025-07-02 19:59:00-04:00,19:59:00,19,59,12.885,12.89,12.85,12.875,1347206.0
